index,political_party,potentional_voters,confidence_interval_95_perc,date,to_election
0,HLAS  -  SD,"19,4%","16,5%  -  22,2%",2022-11-01,10.0
1,SMER  - $_{ SD}$,"15,6%","13,0% - 18,2%",2022-11-01,10.0
2,$_{Progresívne Slovensko}$,"10,2%","8,0% - 12,4%",2022-11-01,10.0
3,$_{SaS}$,"8,1%","6,1% - 10,0%",2022-11-01,10.0
4,REPUBLIKA,"7,2%","5,3% - 9,0%",2022-11-01,10.0
5,OĽANO -NOVA- KÚ $_{-ZMENA ZDOLA}$,"7,0%","5,1% - 8,8%",2022-11-01,10.0
6,KDH,"6,9%","5,0% - 8,7%",2022-11-01,10.0
7,$_{SME RODINA}$,"6,6%","4,8% - 8,4%",2022-11-01,10.0
8,Aliancia  $_{- Szövetség}$,"5,6%","3,9% - 7,3%",2022-11-01,10.0
9,$_{SNS}$,"3,8%","2,4% - 5,1%",2022-11-01,10.0
10,Kotlebovci  $_{- ĽS Naše Slovensko}$,"3,5%","2,1% - 4,8%",2022-11-01,10.0
11,$_{ZA ĽUDÍ}$,"2,0%","1,0% - 3,0%",2022-11-01,10.0
12,Dobrá voľba a Umiernení,"1,5%","0,6% - 2,4%",2022-11-01,10.0
13,Maďarské fórum / Magyar Fórum,"1,5%","0,6% - 2,4%",2022-11-01,10.0
14,SPOLU -  občianska demokracia,"0,7%",-,2022-11-01,10.0
15,iná strana 3,"0,4%",-,2022-11-01,10.0
0,SMER-SD,"33,6%","30,1% - 37,2%",2014-09-01,18.0
1,SIEŤ,"11,2%","8,8% - 13,6%",2014-09-01,18.0
2,KDH,"10,8%","8,5% - 13,1%",2014-09-01,18.0
3,OĽaNO,"7,7%","5,7% - 9,7%",2014-09-01,18.0
4,MOST-HÍD,"6,6%","4,7% - 8,4%",2014-09-01,18.0
5,SDKÚ-DS,"5,8%","4,1% - 7,6%",2014-09-01,18.0
6,SMK,"4,9%","3,3% - 6,6%",2014-09-01,18.0
7,SaS,"4,4%","2,8% - 5,9%",2014-09-01,18.0
8,SNS,"4,2%","2,7% - 5,7%",2014-09-01,18.0
9,KSS,"2,6%",,2014-09-01,18.0
10,ĽS Naše Slovensko,"2,3%",,2014-09-01,18.0
11,NOVA,"2,0%",,2014-09-01,18.0
12,TIP,"1,3%",,2014-09-01,18.0
13,Strana zelených,"0,7%",,2014-09-01,18.0
14,Národ a spravodlivosť - NS,"0,7%",,2014-09-01,18.0
15,Zmena zdola-Demokratická únia Slovenska,"0,6%",,2014-09-01,18.0
16,iná strana,"0,6%",,2014-09-01,18.0
0,HLAS  -  SD,"19,2%","16,2%  -  22,1%",2021-11-01,22.0
1,SMER  - $_{ SD}$,"15,0%","12,3% - 17,7%",2021-11-01,22.0
2,$_{SaS}$,"11,5%","9,1% - 14,0%",2021-11-01,22.0
3,OĽANO -NOVA- KÚ $_{-ZMENA ZDOLA}$,"7,9%","5,9% - 10,0%",2021-11-01,22.0
4,$_{Progresívne Slovensko}$,"7,7%","5,6% - 9,7%",2021-11-01,22.0
5,REPUBLIKA,"6,8%","4,9% - 8,8%",2021-11-01,22.0
6,$_{SME RODINA}$,"6,1%","4,3% - 8,0%",2021-11-01,22.0
7,KDH,"6,1%","4,3% - 8,0%",2021-11-01,22.0
8,Kotlebovci  - ĽS Naše Sl $_{ovensko}$,"4,8%","3,2% - 6,4%",2021-11-01,22.0
9,Aliancia  $_{- Szövetség}$,"4,4%","2,9% - 6,0%",2021-11-01,22.0
10,$_{SNS}$,"3,6%","2,2% - 5,0%",2021-11-01,22.0
11,$_{ZA ĽUDÍ}$,"2,1%","1,0% - 3,2%",2021-11-01,22.0
12,DOBRÁ VOĽBA,"2,1%","1,0% - 3,2%",2021-11-01,22.0
13,SPOLU -  občianska  demokracia,"1,0%","0,3% - 1,8%",2021-11-01,22.0
14,iná strana 3,"1,7%",-,2021-11-01,22.0
0,SMER-SD,"27,0%","23,9% - 30,2%",2016-08-01,42.0
1,SNS,"14,0%","11,6% - 16,5%",2016-08-01,42.0
2,SaS,"13,7%","11,3% - 16,1%",2016-08-01,42.0
3,OĽANO - NOVA,"9,7%","7,6% - 11,8%",2016-08-01,42.0
4,Kotleba - Ľudová strana Naše Slovensko,"8,9%","6,9% - 10,9%",2016-08-01,42.0
5,SME RODINA - Boris Kollár,"6,9%","5,1% - 8,6%",2016-08-01,42.0
6,MOST-HÍD,"6,1%","4,4% - 7,8%",2016-08-01,42.0
7,KDH,"4,6%","3,1% - 6,1%",2016-08-01,42.0
8,SMK - MKP,"3,6%","2,2% - 4,9%",2016-08-01,42.0
9,SIEŤ,"1,4%",-,2016-08-01,42.0
10,SZS,"1,1%",-,2016-08-01,42.0
11,KSS,"0,9%",-,2016-08-01,42.0
12,SDKÚ-DS,"0,5%",-,2016-08-01,42.0
13,ŠANCA,"0,5%",-,2016-08-01,42.0
14,SKOK,"0,3%",-,2016-08-01,42.0
15,SMS,"0,3%",-,2016-08-01,42.0
16,DS (Demokrati Slovenska),"0,2%",-,2016-08-01,42.0
17,VZDOR,"0,0%",-,2016-08-01,42.0
18,MKDA-MKD SZ,"0,0%",-,2016-08-01,42.0
19,Priama demokracia,"0,0%",-,2016-08-01,42.0
20,iná strana,"0,3%",-,2016-08-01,42.0
0,SMER-SD,"20,9%","18,0% - 25,4%",2018-11-01,15.0
1,SaS,"12,0%","9,7% - 14,3%",2018-11-01,15.0
2,Kotleba - Ľudová strana Naše Slovensko,"9,8%","7,7% - 12,0%",2018-11-01,15.0
3,OĽANO - NOVA,"9,5%","7,5% - 11,6%",2018-11-01,15.0
4,SME RODINA - Boris Kollár,"8,1%","6,2% - 10,1%",2018-11-01,15.0
5,SNS,"8,0%","6,1% - 9,9%",2018-11-01,15.0
6,KDH,"7,7%","5,8% - 9,6%",2018-11-01,15.0
7,MOST-HÍD,"5,9%","4,2% - 7,6%",2018-11-01,15.0
8,Progresívne Slovensko,"5,3%","3,7% - 6,8%",2018-11-01,15.0
9,SPOLU - Občianska demokracia,"5,0%","3,4% - 6,5%",2018-11-01,15.0
10,SMK - MKP,"3,6%","2,3% - 5,0%",2018-11-01,15.0
11,KSS,"1,3%",-,2018-11-01,15.0
12,SZS,"0,9%",-,2018-11-01,15.0
13,Priama demokracia,"0,4%",-,2018-11-01,15.0
14,MKDA-MKDSZ,"0,3%",-,2018-11-01,15.0
15,ŠANCA,"0,3%",-,2018-11-01,15.0
16,SDKÚ-DS,"0,3%",-,2018-11-01,15.0
17,VZDOR,"0,2%",-,2018-11-01,15.0
18,SMS,"0,1%",-,2018-11-01,15.0
19,DS,"0,1%",-,2018-11-01,15.0
20,SKS,"0,0%",-,2018-11-01,15.0
21,SKOK - ELD,"0,0%",-,2018-11-01,15.0
22,iná strana,"0,3%",-,2018-11-01,15.0
0,SMER-SD,"20,5%","17,5% - 23,4%",2018-04-01,22.0
1,SaS,"13,2%","10,7% - 15,7%",2018-04-01,22.0
2,SNS,"10,1%","7,9% - 12,3%",2018-04-01,22.0
3,Kotleba - Ľudová strana Naše Slovensko,"9,3%","7,2% - 11,4%",2018-04-01,22.0
4,OĽANO - NOVA,"9,1%","7,0% - 11,2%",2018-04-01,22.0
5,SME RODINA - Boris Kollár,"9,1%","7,0% - 11,2%",2018-04-01,22.0
6,KDH,"6,8%","5,0% - 8,7%",2018-04-01,22.0
7,MOST-HÍD,"5,8%","4,1% - 7,6%",2018-04-01,22.0
8,Progresívne Slovensko,"3,6%","2,3% - 5,0%",2018-04-01,22.0
9,SMK - MKP,"3,3%","2,0% - 4,6%",2018-04-01,22.0
10,SPOLU - Občianska demokracia,"2,8%","1,6% - 4,0%",2018-04-01,22.0
11,KSS,"1,7%",-,2018-04-01,22.0
12,ŠANCA,"1,2%",-,2018-04-01,22.0
13,SZS,"1,0%",-,2018-04-01,22.0
14,SDKÚ-DS,"0,6%",-,2018-04-01,22.0
15,SIEŤ,"0,6%",-,2018-04-01,22.0
16,Priama demokracia,"0,4%",-,2018-04-01,22.0
17,VZDOR,"0,3%",-,2018-04-01,22.0
18,DS,"0,2%",-,2018-04-01,22.0
19,SMS,"0,1%",-,2018-04-01,22.0
20,MKDA-MKDSZ,"0,1%",-,2018-04-01,22.0
21,SKOK - ELD,"0,1%",-,2018-04-01,22.0
22,iná strana,"0,0%",-,2018-04-01,22.0
0,SMER-SD,"38,1%","34,5% - 41,7%",2014-02-01,25.0
1,KDH,"12,7%","10,3% - 15,2%",2014-02-01,25.0
2,OĽaNO,"8,0%","6,0% - 10,0%",2014-02-01,25.0
3,SDKÚ-DS,"7,2%","5,2% - 9,1%",2014-02-01,25.0
4,MOST-HÍD,"6,2%","4,4% - 7,9%",2014-02-01,25.0
5,SMK,"5,9%","4,1% - 7,6%",2014-02-01,25.0
6,SaS,"5,4%","3,8% - 7,1%",2014-02-01,25.0
7,NOVA,"4,0%","2,6% - 5,5%",2014-02-01,25.0
8,SNS,"3,3%","2,0% - 4,6%",2014-02-01,25.0
9,ĽS Naše Slovensko,"3,1%","1,9% - 4,4%",2014-02-01,25.0
10,KSS,"2,1%",,2014-02-01,25.0
11,Národ a spravodlivosť - NS,"1,6%",,2014-02-01,25.0
12,Strana zelených,"0,9%",,2014-02-01,25.0
13,99% - občiansky hlas,"0,7%",,2014-02-01,25.0
14,Zmena zdola-Demokratická únia Slovenska,"0,4%",,2014-02-01,25.0
15,iná strana,"0,4%",,2014-02-01,25.0
0,SMER-SD,"21,7%","18,8% - 24,6%",2018-12-01,14.0
1,SaS,"13,3%","10,9% - 15,6%",2018-12-01,14.0
2,OĽANO - NOVA,"10,5%","8,3% - 12,6%",2018-12-01,14.0
3,Kotleba - Ľudová strana Naše Slovensko,"9,2%","7,2% - 11,3%",2018-12-01,14.0
4,SNS,"9,2%","7,2% - 11,3%",2018-12-01,14.0
5,SME RODINA - Boris Kollár,"9,0%","7,0% - 11,0%",2018-12-01,14.0
6,KDH,"6,5%","4,8% - 8,2%",2018-12-01,14.0
7,MOST-HÍD,"5,2%","3,6% - 6,8%",2018-12-01,14.0
8,Progresívne Slovensko,"5,1%","3,6% - 6,7%",2018-12-01,14.0
9,SPOLU - Občianska demokracia,"4,1%","2,7% - 5,5%",2018-12-01,14.0
10,SMK - MKP,"3,3%","2,0% - 4,6%",2018-12-01,14.0
11,SZS,"0,9%",-,2018-12-01,14.0
12,KSS,"0,5%",-,2018-12-01,14.0
13,SDKÚ-DS,"0,3%",-,2018-12-01,14.0
14,ŠANCA,"0,3%",-,2018-12-01,14.0
15,DS,"0,2%",-,2018-12-01,14.0
16,MKDA-MKDSZ,"0,2%",-,2018-12-01,14.0
17,SKOK - ELD,"0,2%",-,2018-12-01,14.0
18,Priama demokracia,"0,1%",-,2018-12-01,14.0
19,SMS,"0,1%",-,2018-12-01,14.0
20,SKS,"0,1%",-,2018-12-01,14.0
21,VZDOR,"0,0%",-,2018-12-01,14.0
22,iná strana,"0,0%",-,2018-12-01,14.0
0,SMER-SD,"26,4%","23,1% - 29,7%",2017-07-01,31.0
1,SaS,"14,2%","11,6% - 16,8%",2017-07-01,31.0
2,SNS,"10,3%","8,0% - 12,5%",2017-07-01,31.0
3,OĽANO - NOVA,"9,2%","7,1% - 11,4%",2017-07-01,31.0
4,Kotleba - Ľudová strana Naše Slovensko,"9,1%","6,9% - 11,2%",2017-07-01,31.0
5,SME RODINA - Boris Kollár,"8,2%","6,2% - 10,3%",2017-07-01,31.0
6,KDH,"6,3%","4,5% - 8,1%",2017-07-01,31.0
7,MOST-HÍD,"6,2%","4,4% - 8,0%",2017-07-01,31.0
8,SMK - MKP,"4,0%","2,5% - 5,4%",2017-07-01,31.0
9,SZS,"1,5%",-,2017-07-01,31.0
10,KSS,"1,2%",-,2017-07-01,31.0
11,SIEŤ,"0,7%",-,2017-07-01,31.0
12,SDKÚ-DS,"0,6%",-,2017-07-01,31.0
13,SKOK,"0,6%",-,2017-07-01,31.0
14,ŠANCA,"0,6%",-,2017-07-01,31.0
15,MKDA-MKDSZ,"0,3%",-,2017-07-01,31.0
16,VZDOR,"0,3%",-,2017-07-01,31.0
17,DS,"0,1%",-,2017-07-01,31.0
18,Priama demokracia,"0,1%",-,2017-07-01,31.0
19,SMS,"0,1%",-,2017-07-01,31.0
20,iná strana,"0,0%",-,2017-07-01,31.0
0,SMER-SD,"35,5%","31,7% - 39,2%",2015-02-01,13.0
1,SIEŤ,"11,0%","8,6% - 13,4%",2015-02-01,13.0
2,KDH,"10,9%","8,4% - 13,3%",2015-02-01,13.0
3,MOST-HÍD,"7,0%","5,0% - 9,0%",2015-02-01,13.0
4,OĽaNO,"6,0%","4,2% - 7,9%",2015-02-01,13.0
5,SNS,"5,7%","3,9% - 7,5%",2015-02-01,13.0
6,SMK,"4,6%","2,9% - 6,2%",2015-02-01,13.0
7,SaS,"4,4%","2,8% - 6,0%",2015-02-01,13.0
8,NOVA,"3,3%",-,2015-02-01,13.0
9,TIP,"2,8%",-,2015-02-01,13.0
10,SDKÚ-DS,"2,8%",-,2015-02-01,13.0
11,ĽS Naše Slovensko,"1,5%",-,2015-02-01,13.0
12,Národ a spravodlivosť - NS,"1,3%",-,2015-02-01,13.0
13,KSS,"1,2%",-,2015-02-01,13.0
14,Strana zelených,"0,9%",-,2015-02-01,13.0
15,Zmena zdola-Demokratická únia Slovenska,"0,4%",-,2015-02-01,13.0
16,iná strana,"0,7%",-,2015-02-01,13.0
0,SMER-SD,"39,0%","35,3% - 42,6%",2013-04-01,35.0
1,KDH,"10,4%","8,1% - 12,7%",2013-04-01,35.0
2,OĽaNO,"8,4%","6,3% - 10,5%",2013-04-01,35.0
3,SDKÚ-DS,"8,1%","6,0% - 10,2%",2013-04-01,35.0
4,SaS$^{1}$,"6,5%","4,7% - 8,4%",2013-04-01,35.0
5,MOST-HÍD,"5,2%","3,5% - 6,9%",2013-04-01,35.0
6,SNS,"4,9%","3,2% - 6,5%",2013-04-01,35.0
7,Nová väčšina (Daniel Lipšic),"4,0%","2,5% - 5,5%",2013-04-01,35.0
8,SMK,"3,3%","1,9% - 4,6%",2013-04-01,35.0
9,KSS,"2,2%",,2013-04-01,35.0
10,Národ a spravodlivosť - NS,"1,5%",,2013-04-01,35.0
11,Strana zelených,"1,4%",,2013-04-01,35.0
12,99% - občiansky hlas,"1,3%",,2013-04-01,35.0
13,ĽS Naše Slovensko,"1,3%",,2013-04-01,35.0
14,ĽS-HZDS,"1,1%",,2013-04-01,35.0
15,Zmena zdola-Demokratická únia Slovenska,"0,9%",,2013-04-01,35.0
16,iná strana,"0,5%",,2013-04-01,35.0
0,SMER-SD,"26,0%","22,7% - 29,3%",2017-08-01,30.0
1,SaS,"14,0%","11,5% - 16,6%",2017-08-01,30.0
2,Kotleba - Ľudová strana Naše Slovensko,"10,4%","8,1% - 12,6%",2017-08-01,30.0
3,OĽANO - NOVA,"9,6%","7,4% - 11,8%",2017-08-01,30.0
4,SME RODINA - Boris Kollár,"9,1%","6,9% - 11,2%",2017-08-01,30.0
5,SNS,"8,7%","6,6% - 10,9%",2017-08-01,30.0
6,KDH,"6,4%","4,6% - 8,2%",2017-08-01,30.0
7,MOST-HÍD,"6,0%","4,2% - 7,8%",2017-08-01,30.0
8,SMK - MKP,"4,0%","2,5% - 5,5%",2017-08-01,30.0
9,SZS,"1,6%",-,2017-08-01,30.0
10,KSS,"0,9%",-,2017-08-01,30.0
11,SDKÚ-DS,"0,8%",-,2017-08-01,30.0
12,SMS,"0,8%",-,2017-08-01,30.0
13,SIEŤ,"0,7%",-,2017-08-01,30.0
14,ŠANCA,"0,4%",-,2017-08-01,30.0
15,SKOK,"0,2%",-,2017-08-01,30.0
16,MKDA-MKDSZ,"0,2%",-,2017-08-01,30.0
17,DS,"0,1%",-,2017-08-01,30.0
18,Priama demokracia,"0,1%",-,2017-08-01,30.0
19,VZDOR,"0,0%",-,2017-08-01,30.0
20,iná strana,"0,0%",-,2017-08-01,30.0
0,SMER-SD,"34,6%","31,1% - 38,2%",2015-08-01,7.0
1,SIEŤ,"11,9%","9,5% - 14,3%",2015-08-01,7.0
2,KDH,"8,8%","6,7% - 11,0%",2015-08-01,7.0
3,"koalícia OĽaNO, NOVA","8,1%","6,1% - 10,2%",2015-08-01,7.0
4,MOST-HÍD,"7,5%","5,6% - 9,5%",2015-08-01,7.0
5,SNS,"7,0%","5,1% - 8,9%",2015-08-01,7.0
6,SaS,"5,1%","3,4% - 6,7%",2015-08-01,7.0
7,SMK,"4,2%","2,7% - 5,7%",2015-08-01,7.0
8,TIP,"2,2%",-,2015-08-01,7.0
9,SDKÚ-DS,"2,2%",-,2015-08-01,7.0
10,ĽS NS (Ľudová strana Naše Slovensko),"2,2%",-,2015-08-01,7.0
11,KSS,"1,7%",-,2015-08-01,7.0
12,Šanca,"1,6%",-,2015-08-01,7.0
13,SKOK,"1,2%",-,2015-08-01,7.0
14,Strana zelených,"0,9%",-,2015-08-01,7.0
15,Národ a Spravodlivosť,"0,3%",-,2015-08-01,7.0
16,iná strana,"0,5%",-,2015-08-01,7.0
17,OĽaNO,-,-,2015-08-01,7.0
18,NOVA,-,-,2015-08-01,7.0
0,HLAS  -  SD,"20,8%","17,8%  -  23,8%",2023-02-01,7.0
1,SMER  - $_{ SD}$,"14,6%","12,0% - 17,3%",2023-02-01,7.0
2,$_{Progresívne Slovensko}$,"11,0%","8,7% - 13,4%",2023-02-01,7.0
3,REPUBLIKA,"8,5%","6,4% - 10,6%",2023-02-01,7.0
4,$_{SME RODINA}$,"7,7%","5,7% - 9,6%",2023-02-01,7.0
5,KDH,"6,9%","5,0% - 8,8%",2023-02-01,7.0
6,$_{OĽANO}$,"6,4%","4,6% - 8,3%",2023-02-01,7.0
7,$_{SaS}$,"5,3%","3,6% - 7,0%",2023-02-01,7.0
8,Aliancia  $_{- Szövetség}$,"4,5%","2,9% - 6,0%",2023-02-01,7.0
9,$_{SNS}$,"3,6%","2,2% - 5,0%",2023-02-01,7.0
10,Kotlebovci  $_{- ĽS Naše Slovensko}$,"2,9%","1,7% - 4,2%",2023-02-01,7.0
11,Modrá koalícia,"2,0%","1,0% - 3,0%",2023-02-01,7.0
12,Maďarské fórum / Magyar Fórum,"1,9%","0,9% - 2,9%",2023-02-01,7.0
13,Dobrá voľba a Umiernení,"1,4%","0,5% - 2,3%",2023-02-01,7.0
14,$_{ZA ĽUDÍ}$,"1,0%","0,3% - 1,8%",2023-02-01,7.0
15,iná strana 3,"1,5%",-,2023-02-01,7.0
0,SMER-SD,"21,7%","18,8% - 24,6%",2019-09-01,5.0
1,koalícia strán Progresívne Slovensko a SPOLU,"13,3%","10,9% - 15,7%",2019-09-01,5.0
2,Kotleba - Ľudová strana Naše Slovensko,"10,6%","8,4% - 12,8%",2019-09-01,5.0
3,SME RODINA - Boris Kollár,"7,2%","5,4% - 9,0%",2019-09-01,5.0
4,KDH,"6,9%","5,1% - 8,7%",2019-09-01,5.0
5,SNS,"6,8%","5,0% - 8,6%",2019-09-01,5.0
6,OĽANO,"6,8%","5,0% - 8,6%",2019-09-01,5.0
7,Za ľudí,"6,5%","4,7% - 8,3%",2019-09-01,5.0
8,SaS,"6,4%","4,6% - 8,2%",2019-09-01,5.0
9,MOST-HÍD,"4,1%","2,7% - 5,5%",2019-09-01,5.0
10,SMK - MKP,"3,3%","2,1% - 4,5%",2019-09-01,5.0
11,Dobrá voľba,"2,1%",-,2019-09-01,5.0
12,SZS,"1,0%",-,2019-09-01,5.0
13,iná strana $^{3}$,"3,3%",-,2019-09-01,5.0
0,SMER-SD,"22,4%","19,2% - 25,5%",2019-03-01,11.0
1,Kotleba - Ľudová strana Naše Slovensko,"11,8%","9,4% - 14,2%",2019-03-01,11.0
2,SaS,"11,4%","9,0% - 13,8%",2019-03-01,11.0
3,koalícia strán Progresívne Slovensko a SPOLU - OD,"9,1%","6,9% - 11,2%",2019-03-01,11.0
4,SME RODINA - Boris Kollár,"9,0%","6,8% - 11,1%",2019-03-01,11.0
5,OĽANO - NOVA,"8,3%","6,3% - 10,4%",2019-03-01,11.0
6,SNS,"7,9%","5,9% - 9,9%",2019-03-01,11.0
7,KDH,"7,5%","5,6% - 9,5%",2019-03-01,11.0
8,MOST-HÍD,"4,5%","2,9% - 6,0%",2019-03-01,11.0
9,SMK - MKP,"3,0%","1,8% - 4,3%",2019-03-01,11.0
10,KSS,"1,2%",-,2019-03-01,11.0
11,SZS,"1,0%",-,2019-03-01,11.0
12,Priama demokracia,"0,8%",-,2019-03-01,11.0
13,SDKÚ-DS,"0,4%",-,2019-03-01,11.0
14,VZDOR,"0,3%",-,2019-03-01,11.0
15,DS,"0,3%",-,2019-03-01,11.0
16,ŠANCA,"0,2%",-,2019-03-01,11.0
17,SKOK - ELD,"0,2%",-,2019-03-01,11.0
18,SMS,"0,2%",-,2019-03-01,11.0
19,SKS,"0,2%",-,2019-03-01,11.0
20,MKDA-MKDSZ,"0,0%",-,2019-03-01,11.0
21,iná strana,"0,3%",-,2019-03-01,11.0
0,HLAS - SD,"18,7%","15,8% - 21,5%",2020-10-01,35.0
1,OĽANO-NOVA-KÚ-ZMENA ZDOLA,"15,1%","12,5% - 17,7%",2020-10-01,35.0
2,SaS,"10,7%","8,5% - 13,0%",2020-10-01,35.0
3,SMER - SD,"10,5%","8,3% - 12,8%",2020-10-01,35.0
4,Kotlebovci - ĽS Naše Slovensko,"9,8%","7,6% - 12,0%",2020-10-01,35.0
5,SME RODINA,"7,3%","5,4% - 9,2%",2020-10-01,35.0
6,Progresívne Slovensko,"5,4%","3,7% - 7,1%",2020-10-01,35.0
7,KDH,"5,2%","3,6% - 6,8%",2020-10-01,35.0
8,ZA ĽUDÍ,"4,8%","3,2% - 6,4%",2020-10-01,35.0
9,SMK-MKP,"3,2%","1,9% - 4,4%",2020-10-01,35.0
10,MOST - HÍD,"2,4%","1,3% - 3,5%",2020-10-01,35.0
11,DOBRÁ VOĽBA,"2,1%","1,0% - 3,1%",2020-10-01,35.0
12,SNS,"2,1%","1,0% - 3,1%",2020-10-01,35.0
13,VLASŤ,"1,6%","0,7% - 2,5%",2020-10-01,35.0
14,iná strana $^{3}$,"1,1%",-,2020-10-01,35.0
0,SMER-SD,"35,5%","31,9% - 39,1%",2013-10-01,29.0
1,KDH,"12,8%","10,3% - 15,4%",2013-10-01,29.0
2,OĽaNO,"9,7%","7,5% - 12,0%",2013-10-01,29.0
3,SDKÚ-DS,"8,1%","6,0% - 10,1%",2013-10-01,29.0
4,NOVA,"5,9%","4,1% - 7,7%",2013-10-01,29.0
5,MOST-HÍD,"5,8%","4,0% - 7,6%",2013-10-01,29.0
6,SMK,"5,1%","3,4% - 6,8%",2013-10-01,29.0
7,SaS,"5,0%","3,3% - 6,7%",2013-10-01,29.0
8,SNS,"3,5%","2,1% - 4,8%",2013-10-01,29.0
9,ĽS Naše Slovensko,"2,2%",,2013-10-01,29.0
10,KSS,"2,0%",,2013-10-01,29.0
11,99% - občiansky hlas,"1,1%",,2013-10-01,29.0
12,Národ a spravodlivosť - NS,"1,0%",,2013-10-01,29.0
13,Strana zelených,"0,9%",,2013-10-01,29.0
14,Zmena zdola-Demokratická únia Slovenska,"0,8%",,2013-10-01,29.0
15,ĽS-HZDS,"0,5%",,2013-10-01,29.0
16,iná strana,"0,1%",,2013-10-01,29.0
0,HLAS  -  SD,"19,2%","16,2%  -  22,1%",2021-12-01,21.0
1,SMER  - $_{ SD}$,"15,0%","12,3% - 17,7%",2021-12-01,21.0
2,$_{SaS}$,"11,5%","9,1% - 14,0%",2021-12-01,21.0
3,OĽANO -NOVA- KÚ $_{-ZMENA ZDOLA}$,"7,9%","5,9% - 10,0%",2021-12-01,21.0
4,$_{Progresívne Slovensko}$,"7,7%","5,6% - 9,7%",2021-12-01,21.0
5,REPUBLIKA,"6,8%","4,9% - 8,8%",2021-12-01,21.0
6,$_{SME RODINA}$,"6,1%","4,3% - 8,0%",2021-12-01,21.0
7,KDH,"6,1%","4,3% - 8,0%",2021-12-01,21.0
8,Kotlebovci  - ĽS Naše Sl $_{ovensko}$,"4,8%","3,2% - 6,4%",2021-12-01,21.0
9,Aliancia  $_{- Szövetség}$,"4,4%","2,9% - 6,0%",2021-12-01,21.0
10,$_{SNS}$,"3,6%","2,2% - 5,0%",2021-12-01,21.0
11,$_{ZA ĽUDÍ}$,"2,1%","1,0% - 3,2%",2021-12-01,21.0
12,DOBRÁ VOĽBA,"2,1%","1,0% - 3,2%",2021-12-01,21.0
13,SPOLU -  občianska  demokracia,"1,0%","0,3% - 1,8%",2021-12-01,21.0
14,iná strana 3,"1,7%",-,2021-12-01,21.0
0,SMER-SD,"36,8%","33,0% - 40,6%",2013-03-01,36.0
1,KDH,"10,2%","7,8% - 12,6%",2013-03-01,36.0
2,SDKÚ-DS,"9,4%","7,1% - 11,7%",2013-03-01,36.0
3,OĽaNO,"8,3%","6,1% - 10,5%",2013-03-01,36.0
4,SaS,"6,8%","4,8% - 8,7%",2013-03-01,36.0
5,MOST-HÍD,"5,6%","3,8% - 7,4%",2013-03-01,36.0
6,Nová väčšina (Daniel Lipšic),"5,1%","3,4% - 6,8%",2013-03-01,36.0
7,SMK,"4,3%","2,7% - 5,9%",2013-03-01,36.0
8,SNS,"3,7%","2,2% - 5,2%",2013-03-01,36.0
9,KSS,"2,2%",,2013-03-01,36.0
10,Strana zelených,"1,7%",,2013-03-01,36.0
11,99% - občiansky hlas,"1,6%",,2013-03-01,36.0
12,ĽS-HZDS,"1,1%",,2013-03-01,36.0
13,Zmena zdola-Demokratická únia Slovenska,"1,1%",,2013-03-01,36.0
14,Národ a spravodlivosť - NS,"1,0%",,2013-03-01,36.0
15,ĽS Naše Slovensko,"0,8%",,2013-03-01,36.0
16,iná strana,"0,3%",,2013-03-01,36.0
0,HLAS  -  SD,"18,5%","15,4%  -  21,5%",2021-09-01,24.0
1,SMER  - $_{ SD}$,"14,4%","11,6% - 17,1%",2021-09-01,24.0
2,$_{SaS}$,"11,7%","9,2% - 14,2%",2021-09-01,24.0
3,OĽANO -NOVA- KÚ $_{-ZMENA ZDOLA}$,"8,2%","6,1% - 10,4%",2021-09-01,24.0
4,$_{Progresívne Slovensko}$,"7,0%","5,0% - 9,1%",2021-09-01,24.0
5,REPUBLIKA,"6,8%","4,8% - 8,8%",2021-09-01,24.0
6,$_{SME RODINA}$,"6,7%","4,7% - 8,6%",2021-09-01,24.0
7,KDH,"6,1%","4,2% - 8,0%",2021-09-01,24.0
8,Aliancia  - Szövetség 3,"5,5%","3,7% - 7,3%",2021-09-01,24.0
9,Kotlebovci  - ĽS Naše Sl $_{ovensko}$,"4,6%","3,0% - 6,2%",2021-09-01,24.0
10,$_{SNS}$,"3,6%","2,1% - 5,0%",2021-09-01,24.0
11,$_{ZA ĽUDÍ}$,"2,2%","1,1% - 3,4%",2021-09-01,24.0
12,DOBRÁ VOĽBA,"2,1%","1,0% - 3,3%",2021-09-01,24.0
13,SPOLU -  občianska  demokracia,"1,1%","0,3% - 1,9%",2021-09-01,24.0
14,iná strana 4,"1,5%",-,2021-09-01,24.0
0,SMER-SD,"40,8%","36,8% - 44,7%",2013-05-01,34.0
1,KDH,"10,8%","8,3% - 13,2%",2013-05-01,34.0
2,OĽaNO,"7,8%","5,6% - 9,9%",2013-05-01,34.0
3,SDKÚ-DS,"7,3%","5,3% - 9,4%",2013-05-01,34.0
4,MOST-HÍD,"6,1%","4,2% - 8,0%",2013-05-01,34.0
5,Nová väčšina (Daniel Lipšic),"5,1%","3,3% - 6,8%",2013-05-01,34.0
6,SNS$^{1}$,"4,5%","2,9% - 6,2%",2013-05-01,34.0
7,SMK,"4,5%","2,9% - 6,2%",2013-05-01,34.0
8,SaS,"3,9%","2,3% - 5,4%",2013-05-01,34.0
9,ĽS-HZDS,"1,8%",,2013-05-01,34.0
10,KSS,"1,7%",,2013-05-01,34.0
11,99% - občiansky hlas,"1,3%",,2013-05-01,34.0
12,Národ a spravodlivosť - NS,"1,2%",,2013-05-01,34.0
13,ĽS Naše Slovensko,"1,0%",,2013-05-01,34.0
14,Zmena zdola-Demokratická únia Slovenska,"1,0%",,2013-05-01,34.0
15,Strana zelených,"0,8%",,2013-05-01,34.0
16,iná strana,"0,4%",,2013-05-01,34.0
0,SMER-SD,"36,9%","33,2% - 40,5%",2013-01-01,38.0
1,KDH,"10,9%","8,6% - 13,3%",2013-01-01,38.0
2,SDKÚ-DS,"8,8%","6,7% - 10,9%",2013-01-01,38.0
3,OĽaNO,"8,8%","6,7% - 10,9%",2013-01-01,38.0
4,SaS,"6,9%","5,0% - 8,8%",2013-01-01,38.0
5,MOST-HÍD,"5,2%","3,6% - 6,9%",2013-01-01,38.0
6,Nová väčšina (Daniel Lipšic),"5,0%","3,4% - 6,6%",2013-01-01,38.0
7,SNS,"4,8%","3,2% - 6,4%",2013-01-01,38.0
8,SMK,"4,3%","2,8% - 5,9%",2013-01-01,38.0
9,KSS,"2,2%",,2013-01-01,38.0
10,99% - občiansky hlas,"1,4%",,2013-01-01,38.0
11,Strana zelených,"1,2%",,2013-01-01,38.0
12,ĽS Naše Slovensko,"1,0%",,2013-01-01,38.0
13,ĽS-HZDS,"0,9%",,2013-01-01,38.0
14,Národ a spravodlivosť - NS,"0,7%",,2013-01-01,38.0
15,Zmena zdola-Demokratická únia Slovenska,"0,5%",,2013-01-01,38.0
16,iná strana,"0,5%",,2013-01-01,38.0
0,SMER-SD,"34,6%","30,9% - 38,3%",2013-02-01,37.0
1,KDH$^{1}$,"10,9%","8,5% - 13,3%",2013-02-01,37.0
2,OĽaNO,"8,9%","6,7% - 11,2%",2013-02-01,37.0
3,SDKÚ-DS,"8,9%","6,7% - 11,2%",2013-02-01,37.0
4,SaS,"7,7%","5,6% - 9,7%",2013-02-01,37.0
5,Nová väčšina (Daniel Lipšic),"5,4%","3,6% - 7,1%",2013-02-01,37.0
6,MOST-HÍD,"5,1%","3,4% - 6,8%",2013-02-01,37.0
7,SNS,"4,1%","2,6% - 5,7%",2013-02-01,37.0
8,SMK,"3,8%","2,3% - 5,3%",2013-02-01,37.0
9,KSS,"3,0%",,2013-02-01,37.0
10,ĽS Naše Slovensko,"1,4%",,2013-02-01,37.0
11,ĽS-HZDS,"1,4%",,2013-02-01,37.0
12,99% - občiansky hlas,"1,3%",,2013-02-01,37.0
13,Strana zelených,"1,1%",,2013-02-01,37.0
14,Národ a spravodlivosť - NS,"1,0%",,2013-02-01,37.0
15,Zmena zdola-Demokratická únia Slovenska,"0,8%",,2013-02-01,37.0
16,iná strana,"0,6%",,2013-02-01,37.0
0,HLAS  -  SD,"17,8%","14,9%  -  20,6%",2022-01-01,20.0
1,SMER  - $_{ SD}$,"16,3%","13,5% - 19,0%",2022-01-01,20.0
2,$_{SaS}$,"11,1%","8,8% - 13,5%",2022-01-01,20.0
3,$_{Progresívne Slovensko}$,"8,3%","6,3% - 10,4%",2022-01-01,20.0
4,OĽANO -NOVA- KÚ $_{-ZMENA ZDOLA}$,"8,0%","6,0% - 10,1%",2022-01-01,20.0
5,REPUBLIKA,"7,8%","5,8% - 9,8%",2022-01-01,20.0
6,$_{SME RODINA}$,"6,1%","4,3% - 7,9%",2022-01-01,20.0
7,KDH,"5,8%","4,0% - 7,5%",2022-01-01,20.0
8,Aliancia  $_{- Szövetség}$,"4,4%","2,9% - 5,9%",2022-01-01,20.0
9,Kotlebovci  $_{- ĽS Naše Slovensko}$,"4,3%","2,8% - 5,8%",2022-01-01,20.0
10,$_{SNS}$,"3,9%","2,4% - 5,3%",2022-01-01,20.0
11,$_{ZA ĽUDÍ}$,"3,0%","1,7% - 4,3%",2022-01-01,20.0
12,Dobrá voľba a Umiernení,"1,0%","0,3% - 1,7%",2022-01-01,20.0
13,SPOLU -  občianska demokracia,"0,7%",-,2022-01-01,20.0
14,Maďarské fórum / Magyar Fórum,"0,7%",-,2022-01-01,20.0
15,iná strana 3,"0,8%",-,2022-01-01,20.0
0,SMER  - $_{ SD}$,"23,8%","20,7% - 26,9%",2023-11-01,
1,$_{Progresívne Slovensko}$,"17,9%","15,1% - 20,7%",2023-11-01,
2,HLAS  -  SD,"14,6%","12,0%  -  17,2%",2023-11-01,
3,KDH,"7,5%","5,6% - 9,4%",2023-11-01,
4,$_{SaS}$,"6,4%","4,6% - 8,2%",2023-11-01,
5,"Koalícia Sloven sko,  Kresťanská únia  $_{a Za ľudí}$","6,4%","4,6% - 8,2%",2023-11-01,
6,$_{SNS}$,"5,8%","4,1% - 7,5%",2023-11-01,
7,REPUBLIKA,"5,3%","3,7% - 6,9%",2023-11-01,
8,Aliancia  $_{- Szövetség}$,"5,0%","3,4% - 6,6%",2023-11-01,
9,Demokrati,"2,9%","1,7% - 4,1%",2023-11-01,
10,$_{SME RODINA}$,"2,8%","1,6% - 4,0%",2023-11-01,
11,Kotlebovci  - ĽS Naše  $_{Slovensko}$,"1,2%","0,4% - 2,0%",2023-11-01,
12,iná strana 3,"0,4%",-,2023-11-01,
0,SMER-SD,"27,9%","24,6% - 31,2%",2017-01-01,37.0
1,SaS,"13,2%","10,7% - 15,7%",2017-01-01,37.0
2,Kotleba - Ľudová strana Naše Slovensko,"10,2%","8,0% - 12,5%",2017-01-01,37.0
3,OĽANO - NOVA,"10,2%","8,0% - 12,5%",2017-01-01,37.0
4,SNS,"10,1%","7,9% - 12,4%",2017-01-01,37.0
5,SME RODINA - Boris Kollár,"7,4%","5,5% - 9,4%",2017-01-01,37.0
6,MOST-HÍD,"6,4%","4,6% - 8,2%",2017-01-01,37.0
7,KDH,"5,3%","3,7% - 7,0%",2017-01-01,37.0
8,SMK - MKP,"3,4%","2,0% - 4,7%",2017-01-01,37.0
9,SZS,"1,4%",-,2017-01-01,37.0
10,KSS,"1,2%",-,2017-01-01,37.0
11,SIEŤ,"0,9%",-,2017-01-01,37.0
12,SDKÚ-DS,"0,7%",-,2017-01-01,37.0
13,ŠANCA,"0,4%",-,2017-01-01,37.0
14,SKOK,"0,3%",-,2017-01-01,37.0
15,VZDOR,"0,3%",-,2017-01-01,37.0
16,Priama demokracia,"0,3%",-,2017-01-01,37.0
17,SMS,"0,2%",-,2017-01-01,37.0
18,DS,"0,2%",-,2017-01-01,37.0
19,Národná koalícia,"0,0%",-,2017-01-01,37.0
20,iná strana,"0,0%",-,2017-01-01,37.0
0,SMER-SD,"25,5%","22,2% - 28,8%",2018-01-01,25.0
1,SaS,"13,1%","10,6% - 15,6%",2018-01-01,25.0
2,OĽANO - NOVA,"11,4%","9,0% - 13,7%",2018-01-01,25.0
3,SME RODINA - Boris Kollár,"9,0%","6,9% - 11,2%",2018-01-01,25.0
4,SNS,"8,6%","6,5% - 10,7%",2018-01-01,25.0
5,Kotleba - Ľudová strana Naše Slovensko,"8,1%","6,1% - 10,1%",2018-01-01,25.0
6,KDH,"7,4%","5,4% - 9,3%",2018-01-01,25.0
7,MOST-HÍD,"5,7%","3,9% - 7,4%",2018-01-01,25.0
8,SMK - MKP,"3,9%","2,5% - 5,4%",2018-01-01,25.0
9,Progresívne Slovensko,"1,9%",-,2018-01-01,25.0
10,KSS,"1,6%",-,2018-01-01,25.0
11,ŠANCA,"0,9%",-,2018-01-01,25.0
12,SZS,"0,7%",-,2018-01-01,25.0
13,SIEŤ,"0,7%",-,2018-01-01,25.0
14,SMS,"0,5%",-,2018-01-01,25.0
15,SDKÚ-DS,"0,3%",-,2018-01-01,25.0
16,Priama demokracia,"0,3%",-,2018-01-01,25.0
17,VZDOR,"0,2%",-,2018-01-01,25.0
18,SKOK - ELD,"0,1%",-,2018-01-01,25.0
19,MKDA-MKDSZ,"0,1%",-,2018-01-01,25.0
20,DS,"0,0%",-,2018-01-01,25.0
21,iná strana,"0,0%",-,2018-01-01,25.0
0,SMER  - $_{ SD}$,"17,6%","14,8% - 20,5%",2023-03-01,6.0
1,HLAS  -  SD,"17,1%","14,2%  -  19,9%",2023-03-01,6.0
2,$_{Progresívne Slovensko}$,"12,1%","9,7% - 14,6%",2023-03-01,6.0
3,REPUBLIKA,"9,6%","7,4% - 11,8%",2023-03-01,6.0
4,$_{SME RODINA}$,"7,7%","5,7% - 9,7%",2023-03-01,6.0
5,KDH,"5,8%","4,0% - 7,5%",2023-03-01,6.0
6,$_{SaS}$,"5,1%","3,4% - 6,8%",2023-03-01,6.0
7,Demokrati,"5,0%","3,3% - 6,7%",2023-03-01,6.0
8,Aliancia  $_{- Szövetség}$,"4,7%","3,1% - 6,3%",2023-03-01,6.0
9,$_{OĽANO}$,"4,3%","2,8% - 5,8%",2023-03-01,6.0
10,$_{SNS}$,"3,4%","2,0% - 4,8%",2023-03-01,6.0
11,Kotlebovci  $_{- ĽS Naše Slovensko}$,"2,7%","1,5% - 3,9%",2023-03-01,6.0
12,Maďarské fórum / Magyar Fórum,"1,5%","0,6% - 2,4%",2023-03-01,6.0
13,Dobrá voľba,"1,4%","0,5% - 2,3%",2023-03-01,6.0
14,$_{ZA ĽUDÍ}$,"1,2%","0,3% - 2,1%",2023-03-01,6.0
15,iná strana 3,"0,8%",-,2023-03-01,6.0
0,SMER-SD,"37,4%","33,9% - 41,0%",2015-04-01,11.0
1,SIEŤ,"10,9%","8,6% - 13,2%",2015-04-01,11.0
2,KDH,"9,9%","7,7% - 12,1%",2015-04-01,11.0
3,MOST-HÍD,"7,2%","5,3% - 9,1%",2015-04-01,11.0
4,OĽaNO,"7,0%","5,1% - 8,9%",2015-04-01,11.0
5,SNS,"5,7%","4,0% - 7,5%",2015-04-01,11.0
6,SaS,"5,3%","3,6% - 7,0%",2015-04-01,11.0
7,SMK,"4,0%","2,6% - 5,5%",2015-04-01,11.0
8,SDKÚ-DS,"3,2%",-,2015-04-01,11.0
9,TIP,"2,6%",-,2015-04-01,11.0
10,NOVA,"2,3%",-,2015-04-01,11.0
11,KSS,"1,4%",-,2015-04-01,11.0
12,Strana zelených,"1,3%",-,2015-04-01,11.0
13,iná strana,"1,8%",-,2015-04-01,11.0
0,HLAS  -  SD,"22,3%","19,2%  -  25,3%",2021-04-01,29.0
1,$_{SaS}$,"11,2%","8,9% - 13,6%",2021-04-01,29.0
2,SMER  - $_{ SD}$,"10,9%","8,6% - 13,2%",2021-04-01,29.0
3,OĽANO -NOVA- KÚ $_{-ZMENA ZDOLA}$,"9,2%","7,1% - 11,4%",2021-04-01,29.0
4,$_{SME RODINA}$,"7,4%","5,5% - 9,4%",2021-04-01,29.0
5,$_{Progresívne Slovensko}$,"6,2%","4,4% - 8,0%",2021-04-01,29.0
6,$_{KDH}$,"5,7%","4,0% - 7,4%",2021-04-01,29.0
7,Aliancia  - Szövetség $^{3}$,"5,0%","3,4% - 6,7%",2021-04-01,29.0
8,$_{ZA ĽUDÍ}$,"4,8%","3,2% - 6,4%",2021-04-01,29.0
9,REPUBLIKA,"4,7%","3,1% - 6,3%",2021-04-01,29.0
10,Kotlebovci  - ĽS Naše Sl $_{ovensko}$,"4,3%","2,8% - 5,8%",2021-04-01,29.0
11,$_{SNS}$,"3,4%","2,0% - 4,7%",2021-04-01,29.0
12,DOBRÁ VOĽBA,"1,8%","0,8% - 2,8%",2021-04-01,29.0
13,$_{VLASŤ}$,"1,6%","0,6% - 2,5%",2021-04-01,29.0
14,iná strana 4,"1,5%",-,2021-04-01,29.0
0,SMER-SD,"36,8%","33,2% - 40,4%",2014-07-01,20.0
1,SIEŤ,"10,6%","8,3% - 12,9%",2014-07-01,20.0
2,KDH,"9,7%","7,5% - 11,9%",2014-07-01,20.0
3,OĽaNO,"7,8%","5,8% - 9,8%",2014-07-01,20.0
4,MOST-HÍD,"7,1%","5,2% - 9,0%",2014-07-01,20.0
5,SMK,"5,2%","3,6% - 6,9%",2014-07-01,20.0
6,SDKÚ-DS,"4,9%","3,3% - 6,5%",2014-07-01,20.0
7,SaS,"4,2%","2,7% - 5,7%",2014-07-01,20.0
8,SNS,"3,8%","2,3% - 5,2%",2014-07-01,20.0
9,NOVA,"3,2%","1,9% - 4,5%",2014-07-01,20.0
10,KSS,"2,6%",,2014-07-01,20.0
11,ĽS Naše Slovensko,"1,7%",,2014-07-01,20.0
12,Strana zelených,"1,2%",,2014-07-01,20.0
13,Zmena zdola-Demokratická únia Slovenska,"0,4%",,2014-07-01,20.0
14,Národ a spravodlivosť - NS,"0,4%",,2014-07-01,20.0
15,99% - občiansky hlas,"0,1%",,2014-07-01,20.0
16,iná strana,"0,2%",,2014-07-01,20.0
0,SMER-SD,"26,4%","23,1% - 29,6%",2016-05-01,45.0
1,SNS,"14,5%","11,9% - 17,1%",2016-05-01,45.0
2,SaS,"14,1%","11,6% - 16,7%",2016-05-01,45.0
3,OĽANO - NOVA,"9,9%","7,7% - 12,1%",2016-05-01,45.0
4,Kotleba - Ľudová strana Naše Slovensko,"8,4%","6,3% - 10,4%",2016-05-01,45.0
5,SME RODINA - Boris Kollár,"6,9%","5,0% - 8,8%",2016-05-01,45.0
6,MOST-HÍD,"5,9%","4,1% - 7,6%",2016-05-01,45.0
7,KDH,"4,8%","3,2% - 6,4%",2016-05-01,45.0
8,SMK - MKP,"3,5%","2,1% - 4,8%",2016-05-01,45.0
9,SIEŤ,"1,4%","0,5% - 2,3%",2016-05-01,45.0
10,KSS,"1,3%",-,2016-05-01,45.0
11,SZS,"0,8%",-,2016-05-01,45.0
12,SDKÚ-DS,"0,6%",-,2016-05-01,45.0
13,VZDOR,"0,5%",-,2016-05-01,45.0
14,SKOK,"0,4%",-,2016-05-01,45.0
15,SMS,"0,4%",-,2016-05-01,45.0
16,Koalícia spoločne za Slovensko,"0,1%",-,2016-05-01,45.0
17,MKDA-MKD SZ,"0,1%",-,2016-05-01,45.0
18,ŠANCA,"0,0%",-,2016-05-01,45.0
19,Odvaha - Veľká národná a proruská koalícia,"0,0%",-,2016-05-01,45.0
20,DS (Demokrati Slovenska),"0,0%",-,2016-05-01,45.0
21,Priama demokracia,"0,0%",-,2016-05-01,45.0
22,iná strana,"0,0%",-,2016-05-01,45.0
0,SMER-SD,"22,4%","19,4% - 25,4%",2018-09-01,17.0
1,SaS,"13,5%","11,1% - 16,0%",2018-09-01,17.0
2,OĽANO - NOVA,"10,3%","8,1% - 12,5%",2018-09-01,17.0
3,Kotleba - Ľudová strana Naše Slovensko,"10,0%","7,8% - 12,2%",2018-09-01,17.0
4,SNS,"9,2%","7,1% - 11,3%",2018-09-01,17.0
5,SME RODINA - Boris Kollár,"8,2%","6,2% - 10,2%",2018-09-01,17.0
6,KDH,"5,5%","3,9% - 7,2%",2018-09-01,17.0
7,MOST-HÍD,"5,1%","3,5% - 6,7%",2018-09-01,17.0
8,Progresívne Slovensko,"4,4%","2,9% - 5,9%",2018-09-01,17.0
9,SMK - MKP,"3,1%","1,9% - 4,3%",2018-09-01,17.0
10,SPOLU - Občianska demokracia,"3,1%","1,9% - 4,3%",2018-09-01,17.0
11,SZS,"1,7%",-,2018-09-01,17.0
12,KSS,"1,2%",-,2018-09-01,17.0
13,MKDA-MKDSZ,"0,6%",-,2018-09-01,17.0
14,ŠANCA,"0,4%",-,2018-09-01,17.0
15,VZDOR,"0,4%",-,2018-09-01,17.0
16,Priama demokracia,"0,4%",-,2018-09-01,17.0
17,SMS,"0,2%",-,2018-09-01,17.0
18,SDKÚ-DS,"0,1%",-,2018-09-01,17.0
19,SKS,"0,0%",-,2018-09-01,17.0
20,SKOK - ELD,"0,0%",-,2018-09-01,17.0
21,DS,"0,0%",-,2018-09-01,17.0
22,iná strana,"0,1%",-,2018-09-01,17.0
0,SMER-SD,"36,8%","33,0% - 40,6%",2013-12-01,27.0
1,KDH,"10,2%","7,8% - 12,6%",2013-12-01,27.0
2,SDKÚ-DS,"9,4%","7,1% - 11,7%",2013-12-01,27.0
3,OĽaNO,"8,3%","6,1% - 10,5%",2013-12-01,27.0
4,SaS,"6,8%","4,8% - 8,7%",2013-12-01,27.0
5,MOST-HÍD,"5,6%","3,8% - 7,4%",2013-12-01,27.0
6,Nová väčšina (Daniel Lipšic),"5,1%","3,4% - 6,8%",2013-12-01,27.0
7,SMK,"4,3%","2,7% - 5,9%",2013-12-01,27.0
8,SNS,"3,7%","2,2% - 5,2%",2013-12-01,27.0
9,KSS,"2,2%",,2013-12-01,27.0
10,Strana zelených,"1,7%",,2013-12-01,27.0
11,99% - občiansky hlas,"1,6%",,2013-12-01,27.0
12,ĽS-HZDS,"1,1%",,2013-12-01,27.0
13,Zmena zdola-Demokratická únia Slovenska,"1,1%",,2013-12-01,27.0
14,Národ a spravodlivosť - NS,"1,0%",,2013-12-01,27.0
15,ĽS Naše Slovensko,"0,8%",,2013-12-01,27.0
16,iná strana,"0,3%",,2013-12-01,27.0
0,SMER-SD,"37,7%","34,1% - 41,3%",2015-09-01,6.0
1,SIEŤ,"11,4%","9,0% - 13,7%",2015-09-01,6.0
2,KDH,"8,2%","6,1% - 10,2%",2015-09-01,6.0
3,"koalícia OĽaNO, NOVA","8,0%","6,0% - 10,0%",2015-09-01,6.0
4,MOST-HÍD,"7,1%","5,2% - 9,1%",2015-09-01,6.0
5,SNS,"6,4%","4,6% - 8,2%",2015-09-01,6.0
6,SaS,"5,4%","3,7% - 7,1%",2015-09-01,6.0
7,SMK,"4,1%","2,6% - 5,6%",2015-09-01,6.0
8,TIP,"2,5%","1,3% - 3,6%",2015-09-01,6.0
9,SDKÚ-DS,"2,2%","1,1% - 3,3%",2015-09-01,6.0
10,ĽS NS (Ľudová strana Naše Slovensko),"2,2%","1,1% - 3,3%",2015-09-01,6.0
11,Šanca,"1,6%",-,2015-09-01,6.0
12,SKOK,"1,0%",-,2015-09-01,6.0
13,KSS,"0,7%",-,2015-09-01,6.0
14,Strana zelených,"0,7%",-,2015-09-01,6.0
15,Národná koalícia,"0,3%",-,2015-09-01,6.0
16,iná strana,"0,5%",-,2015-09-01,6.0
0,SMER-SD,"32,2%","28,7% - 35,8%",2014-06-01,21.0
1,SIEŤ (strana R. Procházku)$^{2}$,"15,8%","13,0% - 18,6%",2014-06-01,21.0
2,KDH,"9,3%","7,1% - 11,6%",2014-06-01,21.0
3,OĽaNO,"7,6%","5,6% - 9,6%",2014-06-01,21.0
4,SaS,"5,5%","3,7% - 7,2%",2014-06-01,21.0
5,SDKÚ-DS,"5,1%","3,4% - 6,8%",2014-06-01,21.0
6,SMK,"5,1%","3,4% - 6,8%",2014-06-01,21.0
7,MOST-HÍD,"5,0%","3,3% - 6,7%",2014-06-01,21.0
8,NOVA,"3,4%","2,0% - 4,7%",2014-06-01,21.0
9,SNS,"2,4%","1,2% - 3,6%",2014-06-01,21.0
10,KSS,"1,8%",,2014-06-01,21.0
11,ĽS Naše Slovensko,"1,7%",,2014-06-01,21.0
12,Zmena zdola-Demokratická únia Slovenska,"1,5%",,2014-06-01,21.0
13,Strana zelených,"1,1%",,2014-06-01,21.0
14,Národ a spravodlivosť - NS,"1,0%",,2014-06-01,21.0
15,99% - občiansky hlas,"0,6%",,2014-06-01,21.0
16,iná strana,"0,9%",,2014-06-01,21.0
0,Národná revolúcia,Centrum - periféria,Cirkev - štát,2020-08-01,37.0
1,Priemyselná revolúcia,Mesto - vidiek,Vlastníci - pracujúci,2020-08-01,37.0
0,SMER-SD,"19,7%","16,9% - 22,5%",2019-06-01,8.0
1,koalícia strán Progresívne Slovensko a SPOLU-OD,"17,8%","15,1% - 20,4%",2019-06-01,8.0
2,Kotleba - Ľudová strana Naše Slovensko,"12,5%","10,2% - 14,8%",2019-06-01,8.0
3,SaS,"8,0%","6,1% - 9,9%",2019-06-01,8.0
4,KDH,"7,5%","5,6% - 9,3%",2019-06-01,8.0
5,SME RODINA - Boris Kollár,"7,3%","5,5% - 9,2%",2019-06-01,8.0
6,SNS,"7,2%","5,6% - 9,4%",2019-06-01,8.0
7,OĽANO,"6,7%","4,9% - 8,4%",2019-06-01,8.0
8,MOST-HÍD,"4,4%","2,9% - 5,8%",2019-06-01,8.0
9,SMK - MKP,"3,7%","2,4% - 5,1%",2019-06-01,8.0
10,Kresťanská únia,"1,4%",-,2019-06-01,8.0
11,SZS,"1,3%",-,2019-06-01,8.0
12,KSS,"0,4%",-,2019-06-01,8.0
13,SDKÚ-DS,"0,4%",-,2019-06-01,8.0
14,Priama demokracia,"0,4%",-,2019-06-01,8.0
15,KDŽP,"0,3%",-,2019-06-01,8.0
16,Maďarské fórum - Magyar Fórum,"0,1%",-,2019-06-01,8.0
17,Národná koalícia,"0,1%",-,2019-06-01,8.0
18,ŠANCA,"0,1%",-,2019-06-01,8.0
19,VZDOR,"0,1%",-,2019-06-01,8.0
20,SMS,"0,1%",-,2019-06-01,8.0
21,MKDA-MKDSZ,"0,1%",-,2019-06-01,8.0
22,Demokrati Slovenska,"0,1%",-,2019-06-01,8.0
23,SKS,"0,0%",-,2019-06-01,8.0
24,SKOK - ELD,"0,0%",-,2019-06-01,8.0
25,iná strana,"0,3%",-,2019-06-01,8.0
0,SMER-SD,"25,5%","22,8% - 28,1%",2017-02-01,36.0
1,SaS,"13,8%","11,7% - 15,9%",2017-02-01,36.0
2,Kotleba - Ľudová strana Naše Slovensko,"10,4%","8,5% - 12,2%",2017-02-01,36.0
3,SNS,"10,1%","8,2% - 11,9%",2017-02-01,36.0
4,OĽANO - NOVA,"9,7%","7,9% - 11,5%",2017-02-01,36.0
5,SME RODINA - Boris Kollár,"8,5%","6,8% - 10,2%",2017-02-01,36.0
6,MOST-HÍD,"6,0%","4,6% - 7,5%",2017-02-01,36.0
7,KDH,"5,5%","4,1% - 6,9%",2017-02-01,36.0
8,SMK - MKP,"4,3%","3,0% - 5,5%",2017-02-01,36.0
9,SZS,"1,5%",-,2017-02-01,36.0
10,SIEŤ,"1,3%",-,2017-02-01,36.0
11,KSS,"0,8%",-,2017-02-01,36.0
12,SMS,"0,6%",-,2017-02-01,36.0
13,SDKÚ-DS,"0,5%",-,2017-02-01,36.0
14,SKOK,"0,5%",-,2017-02-01,36.0
15,ŠANCA,"0,3%",-,2017-02-01,36.0
16,VZDOR,"0,2%",-,2017-02-01,36.0
17,Priama demokracia,"0,2%",-,2017-02-01,36.0
18,DS,"0,2%",-,2017-02-01,36.0
19,iná strana,"0,1%",-,2017-02-01,36.0
0,HLAS - SD,"20,9%","17,8%  -  23,9%",2020-12-01,33.0
1,$_{SaS}$,"15,8%","13,1% - 18,6%",2020-12-01,33.0
2,OĽANO -NOVA- KÚ $_{-ZMENA ZDOLA}$,"11,0%","8,6% - 13,3%",2020-12-01,33.0
3,$_{SMER - SD}$,"9,8%","7,6% - 12,1%",2020-12-01,33.0
4,Kotlebovci  $_{- ĽS Naše Slovensko}$,"8,2%","6,1% - 10,2%",2020-12-01,33.0
5,$_{Progresívne Slovensko}$,"6,0%","4,2% - 7,8%",2020-12-01,33.0
6,$_{SME RODINA}$,"5,4%","3,7% - 7,1%",2020-12-01,33.0
7,$_{KDH}$,"4,9%","3,2% - 6,5%",2020-12-01,33.0
8,$_{ZA ĽUDÍ}$,"4,4%","2,9% - 6,0%",2020-12-01,33.0
9,$_{SMK-MKP}$,"3,3%","2,0% - 4,7%",2020-12-01,33.0
10,$_{SNS}$,"2,7%","1,5% - 3,9%",2020-12-01,33.0
11,DOBRÁ VOĽBA,"2,1%","1,0% - 3,2%",2020-12-01,33.0
12,$_{VLASŤ}$,"2,1%","1,0% - 3,2%",2020-12-01,33.0
13,MOST -  $_{HÍD}$,"2,0%","0,9% - 3,1%",2020-12-01,33.0
14,iná strana 3,"1,4%",-,2020-12-01,33.0
0,SMER-SD,"26,4%","23,1% - 29,6%",2016-06-01,44.0
1,SNS,"14,5%","11,9% - 17,1%",2016-06-01,44.0
2,SaS,"14,1%","11,6% - 16,7%",2016-06-01,44.0
3,OĽANO - NOVA,"9,9%","7,7% - 12,1%",2016-06-01,44.0
4,Kotleba - Ľudová strana Naše Slovensko,"8,4%","6,3% - 10,4%",2016-06-01,44.0
5,SME RODINA - Boris Kollár,"6,9%","5,0% - 8,8%",2016-06-01,44.0
6,MOST-HÍD,"5,9%","4,1% - 7,6%",2016-06-01,44.0
7,KDH,"4,8%","3,2% - 6,4%",2016-06-01,44.0
8,SMK - MKP,"3,5%","2,1% - 4,8%",2016-06-01,44.0
9,SIEŤ,"1,4%","0,5% - 2,3%",2016-06-01,44.0
10,KSS,"1,3%",-,2016-06-01,44.0
11,SZS,"0,8%",-,2016-06-01,44.0
12,SDKÚ-DS,"0,6%",-,2016-06-01,44.0
13,VZDOR,"0,5%",-,2016-06-01,44.0
14,SKOK,"0,4%",-,2016-06-01,44.0
15,SMS,"0,4%",-,2016-06-01,44.0
16,Koalícia spoločne za Slovensko,"0,1%",-,2016-06-01,44.0
17,MKDA-MKD SZ,"0,1%",-,2016-06-01,44.0
18,ŠANCA,"0,0%",-,2016-06-01,44.0
19,Odvaha - Veľká národná a proruská koalícia,"0,0%",-,2016-06-01,44.0
20,DS (Demokrati Slovenska),"0,0%",-,2016-06-01,44.0
21,Priama demokracia,"0,0%",-,2016-06-01,44.0
22,iná strana,"0,0%",-,2016-06-01,44.0
0,SMER-SD,"26,6%","23,3% - 29,8%",2017-04-01,34.0
1,SaS,"13,7%","11,2% - 16,3%",2017-04-01,34.0
2,Kotleba - Ľudová strana Naše Slovensko,"10,1%","7,8% - 12,3%",2017-04-01,34.0
3,SNS,"9,9%","7,7% - 12,2%",2017-04-01,34.0
4,OĽANO - NOVA,"9,2%","7,1% - 11,4%",2017-04-01,34.0
5,SME RODINA - Boris Kollár,"8,1%","6,0% - 10,1%",2017-04-01,34.0
6,MOST-HÍD,"6,9%","5,0% - 8,8%",2017-04-01,34.0
7,KDH,"5,4%","3,7% - 7,0%",2017-04-01,34.0
8,SMK - MKP,"4,3%","2,8% - 5,8%",2017-04-01,34.0
9,KSS,"1,3%",-,2017-04-01,34.0
10,SZS,"1,0%",-,2017-04-01,34.0
11,SDKÚ-DS,"0,8%",-,2017-04-01,34.0
12,SIEŤ,"0,6%",-,2017-04-01,34.0
13,SMS,"0,6%",-,2017-04-01,34.0
14,ŠANCA,"0,6%",-,2017-04-01,34.0
15,VZDOR,"0,3%",-,2017-04-01,34.0
16,SKOK,"0,2%",-,2017-04-01,34.0
17,Priama demokracia,"0,2%",-,2017-04-01,34.0
18,MKDA-MKDSZ,"0,1%",-,2017-04-01,34.0
19,DS,"0,0%",-,2017-04-01,34.0
20,iná strana,"0,1%",-,2017-04-01,34.0
0,SMER-SD,"34,0%","30,6% - 37,5%",2014-11-01,16.0
1,SIEŤ,"12,5%","10,0% - 14,9%",2014-11-01,16.0
2,KDH,"8,8%","6,7% - 10,9%",2014-11-01,16.0
3,OĽaNO,"7,8%","5,9% - 9,8%",2014-11-01,16.0
4,MOST-HÍD,"7,0%","5,1% - 8,9%",2014-11-01,16.0
5,SNS,"4,6%","3,2% - 6,3%",2014-11-01,16.0
6,SMK,"4,6%","3,1% - 6,2%",2014-11-01,16.0
7,SaS,"4,3%","2,8% - 5,8%",2014-11-01,16.0
8,SDKÚ-DS,"4,2%","2,7% - 5,7%",2014-11-01,16.0
9,NOVA,"2,4%",-,2014-11-01,16.0
10,KSS,"2,2%",-,2014-11-01,16.0
11,TIP,"2,1%",-,2014-11-01,16.0
12,ĽS Naše Slovensko,"1,5%",-,2014-11-01,16.0
13,Strana zelených,"1,5%",-,2014-11-01,16.0
14,Národ a spravodlivosť - NS,"1,3%",-,2014-11-01,16.0
15,Zmena zdola-Demokratická únia Slovenska,"0,7%",-,2014-11-01,16.0
16,iná strana,"0,5%",-,2014-11-01,16.0
0,SMER-SD,"34,6%","31,1% - 38,1%",2014-04-01,23.0
1,SIEŤ (strana R. Procházku)$^{2}$,"13,3%","10,8% - 15,8%",2014-04-01,23.0
2,KDH,"9,9%","7,7% - 12,1%",2014-04-01,23.0
3,OĽaNO,"5,3%","3,7% - 7,0%",2014-04-01,23.0
4,SDKÚ-DS,"5,3%","3,7% - 7,0%",2014-04-01,23.0
5,MOST-HÍD,"5,1%","3,5% - 6,7%",2014-04-01,23.0
6,SMK,"5,0%","3,4% - 6,6%",2014-04-01,23.0
7,NOVA,"4,9%","3,3% - 6,5%",2014-04-01,23.0
8,SNS,"4,3%","2,8% - 5,8%",2014-04-01,23.0
9,SaS,"4,1%","2,6% - 5,6%",2014-04-01,23.0
10,ĽS Naše Slovensko,"3,0%","1,7% - 4,2%",2014-04-01,23.0
11,KSS,"1,6%",,2014-04-01,23.0
12,99% - občiansky hlas,"1,0%",,2014-04-01,23.0
13,Národ a spravodlivosť - NS,"0,9%",,2014-04-01,23.0
14,Strana zelených,"0,8%",,2014-04-01,23.0
15,Zmena zdola-Demokratická únia Slovenska,"0,4%",,2014-04-01,23.0
16,iná strana,"0,5%",,2014-04-01,23.0
0,HLAS - SD,"23,0%","20,0%  -  26,1%",2021-02-01,31.0
1,$_{SaS}$,"12,9%","10,5% - 15,4%",2021-02-01,31.0
2,OĽANO -NOVA- KÚ $_{-ZMENA ZDOLA}$,"10,4%","8,2% - 12,6%",2021-02-01,31.0
3,$_{SMER - SD}$,"9,2%","7,1% - 11,3%",2021-02-01,31.0
4,$_{Progresívne Slovensko}$,"6,7%","4,9% - 8,6%",2021-02-01,31.0
5,Kotlebovci  - ĽS Naše Sl $_{ovensko}$,"6,6%","4,8% - 8,4%",2021-02-01,31.0
6,$_{SME RODINA}$,"5,2%","3,6% - 6,8%",2021-02-01,31.0
7,$_{ZA ĽUDÍ}$,"5,2%","3,6% - 6,8%",2021-02-01,31.0
8,$_{KDH}$,"4,9%","3,3% - 6,5%",2021-02-01,31.0
9,$_{SMK-MKP}$,"3,5%","2,1% - 4,8%",2021-02-01,31.0
10,$_{SNS}$,"2,8%","1,6% - 4,0%",2021-02-01,31.0
11,$_{VLASŤ}$,"2,8%","1,6% - 4,0%",2021-02-01,31.0
12,MOST -  $_{HÍD}$,"2,1%","1,1% - 3,2%",2021-02-01,31.0
13,DOBRÁ VOĽBA,"1,9%","0,9% - 2,9%",2021-02-01,31.0
14,MKS/MK Ö,"1,3%","0,5% - 2,1%",2021-02-01,31.0
15,iná strana 3,"1,5%",-,2021-02-01,31.0
0,SMER-SD,"23,3%","20,2% - 26,3%",2016-12-01,38.0
1,SNS,"13,7%","11,2% - 16,2%",2016-12-01,38.0
2,SaS,"13,6%","11,2% - 16,1%",2016-12-01,38.0
3,Kotleba - Ľudová strana Naše Slovensko,"8,8%","6,7% - 10,8%",2016-12-01,38.0
4,OĽANO - NOVA,"8,2%","6,2% - 10,1%",2016-12-01,38.0
5,SME RODINA - Boris Kollár,"7,9%","6,0% - 9,9%",2016-12-01,38.0
6,MOST-HÍD,"6,8%","5,0% - 8,7%",2016-12-01,38.0
7,KDH,"5,9%","4,2% - 7,6%",2016-12-01,38.0
8,SMK - MKP,"4,4%","2,9% - 5,9%",2016-12-01,38.0
9,SIEŤ,"1,2%",-,2016-12-01,38.0
10,KSS,"1,0%",-,2016-12-01,38.0
11,ŠANCA,"0,9%",-,2016-12-01,38.0
12,SZS,"0,8%",-,2016-12-01,38.0
13,SDKÚ-DS,"0,8%",-,2016-12-01,38.0
14,SKOK,"0,7%",-,2016-12-01,38.0
15,VZDOR,"0,6%",-,2016-12-01,38.0
16,Priama demokracia,"0,4%",-,2016-12-01,38.0
17,SMS,"0,1%",-,2016-12-01,38.0
18,DS (Demokrati Slovenska),"0,1%",-,2016-12-01,38.0
19,Národná koalícia,"0,1%",,2016-12-01,38.0
20,iná strana,"0,7%",-,2016-12-01,38.0
0,OĽANO-NOVA-KÚ-ZMENA ZDOLA,"24,4%","21,3% - 27,5%",2020-04-01,41.0
1,SMER - SD,"21,8%","18,8% - 24,8%",2020-04-01,41.0
2,SME RODINA,"11,5%","9,1% - 13,8%",2020-04-01,41.0
3,Kotlebovci - ĽS Naše Slovensko,"9,2%","7,1% - 11,3%",2020-04-01,41.0
4,Progresívne Slovensko/SPOLU,"7,6%","5,7% - 9,5%",2020-04-01,41.0
5,SaS,"6,8%","5,0% - 8,6%",2020-04-01,41.0
6,KDH,"4,5%","3,0% - 6,0%",2020-04-01,41.0
7,ZA ĽUDÍ,"3,2%","1,9% - 4,5%",2020-04-01,41.0
8,SMK-MKP $^{3}$,"2,8%","1,6% - 4,0%",2020-04-01,41.0
9,VLASŤ,"2,3%","1,2% - 3,4%",2020-04-01,41.0
10,MOST - HÍD,"1,8%","0,8% - 2,7%",2020-04-01,41.0
11,SNS,"1,6%","0,7% - 2,5%",2020-04-01,41.0
12,DOBRÁ VOĽBA,"1,1%","0,3% - 1,8%",2020-04-01,41.0
13,iná strana 4,"1,4%",-,2020-04-01,41.0
0,SMER-SD,"35,4%","31,9% - 39,0%",2014-10-01,17.0
1,SIEŤ,"12,2%","9,8% - 14,6%",2014-10-01,17.0
2,KDH,"9,9%","7,7% - 12,1%",2014-10-01,17.0
3,MOST-HÍD,"6,9%","5,0% - 8,8%",2014-10-01,17.0
4,OĽaNO,"6,5%","4,6% - 8,3%",2014-10-01,17.0
5,SaS,"4,7%","3,2% - 6,3%",2014-10-01,17.0
6,SNS,"4,7%","3,2% - 6,3%",2014-10-01,17.0
7,SDKÚ-DS,"4,2%","2,7% - 5,6%",2014-10-01,17.0
8,SMK,"4,2%","2,7% - 5,6%",2014-10-01,17.0
9,NOVA,"3,2%","1,9% - 4,5%",2014-10-01,17.0
10,KSS,"2,7%",-,2014-10-01,17.0
11,TIP,"1,7%",-,2014-10-01,17.0
12,ĽS Naše Slovensko,"1,7%",-,2014-10-01,17.0
13,Strana zelených,"0,7%",-,2014-10-01,17.0
14,Zmena zdola-Demokratická únia Slovenska,"0,7%",-,2014-10-01,17.0
15,Národ a spravodlivosť - NS,"0,1%",-,2014-10-01,17.0
16,iná strana,"0,5%",-,2014-10-01,17.0
0,SMER-SD,"19,0%","16,2% - 21,9%",2019-04-01,10.0
1,koalícia strán Progresívne Slovensko a SPOLU - OD,"13,4%","10,9% - 15,9%",2019-04-01,10.0
2,Kotleba - Ľudová strana Naše Slovensko,"10,5%","8,3% - 12,7%",2019-04-01,10.0
3,SaS,"10,1%","7,9% - 12,3%",2019-04-01,10.0
4,SME RODINA - Boris Kollár,"9,4%","7,3% - 11,6%",2019-04-01,10.0
5,OĽANO,"9,1%","7,0% - 11,2%",2019-04-01,10.0
6,SNS,"7,5%","5,6% - 9,4%",2019-04-01,10.0
7,KDH,"6,8%","5,0% - 8,6%",2019-04-01,10.0
8,MOST-HÍD,"4,7%","3,2% - 6,3%",2019-04-01,10.0
9,SMK - MKP,"3,6%","2,2% - 4,9%",2019-04-01,10.0
10,SZS,"1,6%",-,2019-04-01,10.0
11,KSS,"1,1%",-,2019-04-01,10.0
12,ŠANCA,"0,6%",-,2019-04-01,10.0
13,SKS,"0,5%",-,2019-04-01,10.0
14,SDKÚ-DS,"0,4%",-,2019-04-01,10.0
15,VZDOR,"0,4%",-,2019-04-01,10.0
16,Priama demokracia,"0,2%",-,2019-04-01,10.0
17,SKOK - ELD,"0,2%",-,2019-04-01,10.0
18,SMS,"0,2%",-,2019-04-01,10.0
19,MKDA-MKDSZ,"0,2%",-,2019-04-01,10.0
20,DS,"0,1%",-,2019-04-01,10.0
21,iná strana,"0,4%",-,2019-04-01,10.0
0,SMER-SD,"22,4%","19,4% - 25,4%",2018-08-01,18.0
1,SaS,"13,5%","11,1% - 16,0%",2018-08-01,18.0
2,OĽANO - NOVA,"10,3%","8,1% - 12,5%",2018-08-01,18.0
3,Kotleba - Ľudová strana Naše Slovensko,"10,0%","7,8% - 12,2%",2018-08-01,18.0
4,SNS,"9,2%","7,1% - 11,3%",2018-08-01,18.0
5,SME RODINA - Boris Kollár,"8,2%","6,2% - 10,2%",2018-08-01,18.0
6,KDH,"5,5%","3,9% - 7,2%",2018-08-01,18.0
7,MOST-HÍD,"5,1%","3,5% - 6,7%",2018-08-01,18.0
8,Progresívne Slovensko,"4,4%","2,9% - 5,9%",2018-08-01,18.0
9,SMK - MKP,"3,1%","1,9% - 4,3%",2018-08-01,18.0
10,SPOLU - Občianska demokracia,"3,1%","1,9% - 4,3%",2018-08-01,18.0
11,SZS,"1,7%",-,2018-08-01,18.0
12,KSS,"1,2%",-,2018-08-01,18.0
13,MKDA-MKDSZ,"0,6%",-,2018-08-01,18.0
14,ŠANCA,"0,4%",-,2018-08-01,18.0
15,VZDOR,"0,4%",-,2018-08-01,18.0
16,Priama demokracia,"0,4%",-,2018-08-01,18.0
17,SMS,"0,2%",-,2018-08-01,18.0
18,SDKÚ-DS,"0,1%",-,2018-08-01,18.0
19,SKS,"0,0%",-,2018-08-01,18.0
20,SKOK - ELD,"0,0%",-,2018-08-01,18.0
21,DS,"0,0%",-,2018-08-01,18.0
22,iná strana,"0,1%",-,2018-08-01,18.0
0,SMER-SD,"22,0%","19,0% - 24,9%",2019-10-01,4.0
1,koalícia strán Progresívne Slovensko a SPOLU,"11,0%","8,8% - 13,3%",2019-10-01,4.0
2,Kotleba - Ľudová strana Naše Slovensko,"10,2%","8,1% - 12,4%",2019-10-01,4.0
3,Za ľudí,"9,1%","7,0% - 11,1%",2019-10-01,4.0
4,SME RODINA - Boris Kollár,"7,2%","5,4% - 9,1%",2019-10-01,4.0
5,SNS,"6,9%","5,0% - 8,7%",2019-10-01,4.0
6,KDH,"6,5%","4,7% - 8,2%",2019-10-01,4.0
7,OĽANO,"6,0%","4,3% - 7,7%",2019-10-01,4.0
8,SaS,"5,2%","3,6% - 6,7%",2019-10-01,4.0
9,MOST-HÍD,"3,8%","2,4% - 5,1%",2019-10-01,4.0
10,SMK - MKP,"3,2%","1,9% - 4,4%",2019-10-01,4.0
11,Dobrá voľba,"2,4%",-,2019-10-01,4.0
12,Vlasť,"1,8%",-,2019-10-01,4.0
13,Máme toho dosť!,"1,2%",-,2019-10-01,4.0
14,iná strana $^{3}$,"3,5%",-,2019-10-01,4.0
0,SMER-SD,"26,9%","23,6% - 30,1%",2016-11-01,39.0
1,SNS,"12,8%","10,3% - 15,2%",2016-11-01,39.0
2,SaS,"12,1%","9,8% - 14,5%",2016-11-01,39.0
3,Kotleba - Ľudová strana Naše Slovensko,"8,4%","6,4% - 10,5%",2016-11-01,39.0
4,OĽANO - NOVA,"8,0%","6,1% - 10,0%",2016-11-01,39.0
5,SME RODINA - Boris Kollár,"7,5%","5,6% - 9,4%",2016-11-01,39.0
6,MOST-HÍD,"6,7%","4,8% - 8,5%",2016-11-01,39.0
7,KDH,"6,3%","4,6% - 8,1%",2016-11-01,39.0
8,SMK - MKP,"3,9%","2,5% - 5,3%",2016-11-01,39.0
9,SIEŤ,"1,6%",-,2016-11-01,39.0
10,KSS,"1,5%",-,2016-11-01,39.0
11,SZS,"1,4%",-,2016-11-01,39.0
12,Priama demokracia,"0,6%",-,2016-11-01,39.0
13,SDKÚ-DS,"0,5%",-,2016-11-01,39.0
14,ŠANCA,"0,5%",-,2016-11-01,39.0
15,SMS,"0,5%",-,2016-11-01,39.0
16,DS (Demokrati Slovenska),"0,2%",-,2016-11-01,39.0
17,VZDOR,"0,2%",-,2016-11-01,39.0
18,SKOK,"0,1%",-,2016-11-01,39.0
19,iná strana,"0,3%",-,2016-11-01,39.0
0,SMER - SD,"23,3%","20,0% - 26,6%",2024-11-01,
1,Progresívne Slovensko,"22,1%","18,9% - 25,3%",2024-11-01,
2,HLAS - SD,"12,8%","10,2% - 15,4%",2024-11-01,
3,REPUBLIKA,"7,9%","5,8% - 10,0%",2024-11-01,
4,KDH,"6,0%","4,2% - 7,8%",2024-11-01,
5,SaS,"5,6%","3,8% - 7,4%",2024-11-01,
6,Maďarská aliancia - Magyar Szövetség,"5,2%","3,5% - 6,9%",2024-11-01,
7,DemokraE,"5,0%","3,3% - 6,7%",2024-11-01,
8,SNS,"4,7%","3,1% - 6,3%",2024-11-01,
9,"Koalícia Slovensko, KÚ a ZĽ","4,1%","2,6% - 5,6%",2024-11-01,
10,SME RODINA,"3,2%","1,8% - 4,6%",2024-11-01,
11,iná strana,"0,1%",-,2024-11-01,
0,SMER  - $_{ SD}$,"17,7%","14,9% - 20,6%",2023-04-01,5.0
1,HLAS  -  SD,"17,0%","14,2%  -  19,8%",2023-04-01,5.0
2,$_{Progresívne Slovensko}$,"13,1%","10,5% - 15,6%",2023-04-01,5.0
3,REPUBLIKA,"9,8%","7,6% - 12,0%",2023-04-01,5.0
4,$_{SME RODINA}$,"6,1%","4,3% - 7,9%",2023-04-01,5.0
5,KDH,"6,0%","4,2% - 7,8%",2023-04-01,5.0
6,$_{OĽANO}$,"5,6%","3,9% - 7,3%",2023-04-01,5.0
7,$_{SaS}$,"5,2%","3,6% - 6,9%",2023-04-01,5.0
8,Aliancia  $_{- Szövetség}$,"4,3%","2,8% - 5,8%",2023-04-01,5.0
9,$_{SNS}$,"4,0%","2,6% - 5,5%",2023-04-01,5.0
10,Demokrati,"3,6%","2,2% - 5,0%",2023-04-01,5.0
11,Kotlebovci  $_{- ĽS Naše Slovensko}$,"2,7%","1,5% - 3,9%",2023-04-01,5.0
12,"Maďarské fórum, Občianski demokrati Slovenska,  Za regióny, Rómska koalícia, Demokratická strana","1,7%","0,7% - 2,6%",2023-04-01,5.0
13,Dobrá voľba,"1,1%","0,3% - 1,9%",2023-04-01,5.0
14,$_{ZA ĽUDÍ}$,"1,0%","0,2% - 1,7%",2023-04-01,5.0
15,iná strana 3,"1,1%",-,2023-04-01,5.0
0,SMER-SD,"33,2%","29,8% - 36,7%",2015-05-01,10.0
1,SIEŤ,"10,7%","8,4% - 13,0%",2015-05-01,10.0
2,KDH,"9,4%","7,3% - 11,6%",2015-05-01,10.0
3,OĽaNO,"7,8%","5,9% - 9,8%",2015-05-01,10.0
4,MOST-HÍD,"7,4%","5,5% - 9,4%",2015-05-01,10.0
5,SNS,"7,3%","5,4% - 9,2%",2015-05-01,10.0
6,SMK,"5,4%","3,7% - 7,1%",2015-05-01,10.0
7,SaS,"5,0%","3,4% - 6,6%",2015-05-01,10.0
8,NOVA,"2,4%",-,2015-05-01,10.0
9,TIP,"2,4%",-,2015-05-01,10.0
10,SDKÚ-DS,"2,3%",-,2015-05-01,10.0
11,KSS,"2,1%",-,2015-05-01,10.0
12,Strana zelených,"1,1%",-,2015-05-01,10.0
13,SKOK,"1,1%",-,2015-05-01,10.0
14,Šanca,"0,9%",-,2015-05-01,10.0
15,ĽS NS,"0,7%",-,2015-05-01,10.0
16,iná strana,"0,8%",-,2015-05-01,10.0
0,SMER - SD,"23,3%","20,0% - 26,6%",2024-09-01,
1,Progresívne Slovensko,"22,1%","18,9% - 25,3%",2024-09-01,
2,HLAS - SD,"12,8%","10,2% - 15,4%",2024-09-01,
3,REPUBLIKA,"7,9%","5,8% - 10,0%",2024-09-01,
4,KDH,"6,0%","4,2% - 7,8%",2024-09-01,
5,SaS,"5,6%","3,8% - 7,4%",2024-09-01,
6,Maďarská aliancia - Magyar Szövetség,"5,2%","3,5% - 6,9%",2024-09-01,
7,DemokraE,"5,0%","3,3% - 6,7%",2024-09-01,
8,SNS,"4,7%","3,1% - 6,3%",2024-09-01,
9,"Koalícia Slovensko, KÚ a ZĽ","4,1%","2,6% - 5,6%",2024-09-01,
10,SME RODINA,"3,2%","1,8% - 4,6%",2024-09-01,
11,iná strana,"0,1%",-,2024-09-01,
0,HLAS - SD,"24,3%","21,0%  -  27,5%",2021-01-01,32.0
1,$_{SaS}$,"13,3%","10,7% - 15,8%",2021-01-01,32.0
2,OĽANO -NOVA- KÚ $_{-ZMENA ZDOLA}$,"10,1%","7,9% - 12,4%",2021-01-01,32.0
3,Kotlebovci  - ĽS Naše Sl $_{ovensko}$,"9,7%","7,5% - 11,9%",2021-01-01,32.0
4,$_{SMER - SD}$,"9,1%","7,0% - 11,3%",2021-01-01,32.0
5,$_{Progresívne Slovensko}$,"5,2%","3,5% - 6,9%",2021-01-01,32.0
6,$_{SME RODINA}$,"5,1%","3,4% - 6,8%",2021-01-01,32.0
7,$_{KDH}$,"4,4%","2,8% - 5,9%",2021-01-01,32.0
8,$_{ZA ĽUDÍ}$,"4,2%","2,7% - 5,7%",2021-01-01,32.0
9,$_{SMK-MKP}$,"3,3%","2,0% - 4,6%",2021-01-01,32.0
10,$_{SNS}$,"2,8%","1,6% - 4,0%",2021-01-01,32.0
11,$_{VLASŤ}$,"2,4%","1,2% - 3,5%",2021-01-01,32.0
12,DOBRÁ VOĽBA,"2,1%","1,0% - 3,2%",2021-01-01,32.0
13,MOST -  $_{HÍD}$,"2,0%","0,9% - 3,0%",2021-01-01,32.0
14,SPOLU  občianska demokracia,"1,0%","0,3% - 1,8%",2021-01-01,32.0
15,iná strana 3,"1,0%",-,2021-01-01,32.0
0,SMER-SD,"27,7%","24,4% - 30,9%",2016-09-01,41.0
1,SaS,"13,5%","11,0% - 16,0%",2016-09-01,41.0
2,SNS,"12,6%","10,2% - 15,0%",2016-09-01,41.0
3,Kotleba - Ľudová strana Naše Slovensko,"8,3%","6,3% - 10,3%",2016-09-01,41.0
4,OĽANO - NOVA,"8,2%","6,2% - 10,2%",2016-09-01,41.0
5,MOST-HÍD,"7,7%","5,8% - 9,7%",2016-09-01,41.0
6,SME RODINA - Boris Kollár,"6,8%","5,0% - 8,6%",2016-09-01,41.0
7,KDH,"6,0%","4,3% - 7,7%",2016-09-01,41.0
8,SMK - MKP,"3,6%","2,3% - 5,0%",2016-09-01,41.0
9,SIEŤ,"1,4%",-,2016-09-01,41.0
10,KSS,"1,2%",-,2016-09-01,41.0
11,SZS,"0,9%",-,2016-09-01,41.0
12,SDKÚ-DS,"0,8%",-,2016-09-01,41.0
13,SKOK,"0,6%",-,2016-09-01,41.0
14,ŠANCA,"0,4%",-,2016-09-01,41.0
15,SMS,"0,3%",-,2016-09-01,41.0
16,DS (Demokrati Slovenska),"0,0%",-,2016-09-01,41.0
17,VZDOR,"0,0%",-,2016-09-01,41.0
18,Priama demokracia,"0,0%",-,2016-09-01,41.0
19,iná strana,"0,0%",-,2016-09-01,41.0
0,SMER - SD,"17,0%","14,4% - 19,5%",2020-02-01,0.0
1,OĽANO-NOVA-KÚ-ZMENA ZDOLA,"13,3%","11,0% - 15,6%",2020-02-01,0.0
2,Kotlebovci - ĽS Naše Slovensko,"12,2%","10,0% - 14,5%",2020-02-01,0.0
3,Koalícia PS a SPOLU,"9,3%","7,4% - 11,3%",2020-02-01,0.0
4,ZA ĽUDÍ,"8,2%","6,3% - 10,0%",2020-02-01,0.0
5,SME RODINA,"7,8%","6,0% - 9,6%",2020-02-01,0.0
6,KDH,"5,4%","3,9% - 6,9%",2020-02-01,0.0
7,SaS,"5,3%","3,8% - 6,8%",2020-02-01,0.0
8,SNS,"4,4%","3,0% - 5,7%",2020-02-01,0.0
9,MOST - HÍD,"4,2%","2,8% - 5,5%",2020-02-01,0.0
10,DOBRÁ VOĽBA,"4,0%","2,7% - 5,3%",2020-02-01,0.0
11,Magyar Közösségi Összefogás - Maďarská,"3,9%","2,6% - 5,2%",2020-02-01,0.0
12,komunitná spolupatričnosť VLASŤ,"3,2%","2,0% - 4,4%",2020-02-01,0.0
13,Demokratická strana,"0,5%",,2020-02-01,0.0
14,Slovenské Hnutie Obrody,"0,4%",,2020-02-01,0.0
15,Socialisti.sk,"0,3%",,2020-02-01,0.0
16,STAROSTOVIA A NEZÁVISLÍ KANDIDÁTI,"0,3%",,2020-02-01,0.0
17,MÁME TOHO DOSŤ !,"0,1%",,2020-02-01,0.0
18,SOLIDARITA - Hnutie pracujúcej chudoby,"0,1%",,2020-02-01,0.0
19,99% - občiansky hlas,"0,1%",,2020-02-01,0.0
20,Slovenská liga,"0,0%",,2020-02-01,0.0
21,Hlas pravice,"0,0%",,2020-02-01,0.0
22,Hlas ľudu  Slovenská ľudová strana Andreja Hlinku,"0,0%",,2020-02-01,0.0
23,Práca slovenského národa,"0,0%  0,0%",,2020-02-01,0.0
0,SMER  - $_{ SD}$,"17,7%","14,9% - 20,6%",2023-12-01,
1,HLAS  -  SD,"17,0%","14,2%  -  19,8%",2023-12-01,
2,$_{Progresívne Slovensko}$,"13,1%","10,5% - 15,6%",2023-12-01,
3,REPUBLIKA,"9,8%","7,6% - 12,0%",2023-12-01,
4,$_{SME RODINA}$,"6,1%","4,3% - 7,9%",2023-12-01,
5,KDH,"6,0%","4,2% - 7,8%",2023-12-01,
6,$_{OĽANO}$,"5,6%","3,9% - 7,3%",2023-12-01,
7,$_{SaS}$,"5,2%","3,6% - 6,9%",2023-12-01,
8,Aliancia  $_{- Szövetség}$,"4,3%","2,8% - 5,8%",2023-12-01,
9,$_{SNS}$,"4,0%","2,6% - 5,5%",2023-12-01,
10,Demokrati,"3,6%","2,2% - 5,0%",2023-12-01,
11,Kotlebovci  $_{- ĽS Naše Slovensko}$,"2,7%","1,5% - 3,9%",2023-12-01,
12,"Maďarské fórum, Občianski demokrati Slovenska,  Za regióny, Rómska koalícia, Demokratická strana","1,7%","0,7% - 2,6%",2023-12-01,
13,Dobrá voľba,"1,1%","0,3% - 1,9%",2023-12-01,
14,$_{ZA ĽUDÍ}$,"1,0%","0,2% - 1,7%",2023-12-01,
15,iná strana 3,"1,1%",-,2023-12-01,
0,SMER-SD,"34,6%","31,1% - 38,1%",2014-05-01,22.0
1,SIEŤ (strana R. Procházku)$^{2}$,"13,3%","10,8% - 15,8%",2014-05-01,22.0
2,KDH,"9,9%","7,7% - 12,1%",2014-05-01,22.0
3,OĽaNO,"5,3%","3,7% - 7,0%",2014-05-01,22.0
4,SDKÚ-DS,"5,3%","3,7% - 7,0%",2014-05-01,22.0
5,MOST-HÍD,"5,1%","3,5% - 6,7%",2014-05-01,22.0
6,SMK,"5,0%","3,4% - 6,6%",2014-05-01,22.0
7,NOVA,"4,9%","3,3% - 6,5%",2014-05-01,22.0
8,SNS,"4,3%","2,8% - 5,8%",2014-05-01,22.0
9,SaS,"4,1%","2,6% - 5,6%",2014-05-01,22.0
10,ĽS Naše Slovensko,"3,0%","1,7% - 4,2%",2014-05-01,22.0
11,KSS,"1,6%",,2014-05-01,22.0
12,99% - občiansky hlas,"1,0%",,2014-05-01,22.0
13,Národ a spravodlivosť - NS,"0,9%",,2014-05-01,22.0
14,Strana zelených,"0,8%",,2014-05-01,22.0
15,Zmena zdola-Demokratická únia Slovenska,"0,4%",,2014-05-01,22.0
16,iná strana,"0,5%",,2014-05-01,22.0
0,SMER-SD,"34,2%","30,6% - 37,8%",2014-12-01,15.0
1,SIEŤ,"11,4%","9,0% - 13,8%",2014-12-01,15.0
2,KDH,"10,8%","8,5% - 13,2%",2014-12-01,15.0
3,OĽaNO,"8,3%","6,2% - 10,3%",2014-12-01,15.0
4,MOST-HÍD,"7,4%","5,4% - 9,3%",2014-12-01,15.0
5,SMK,"5,2%","3,5% - 6,8%",2014-12-01,15.0
6,SNS,"5,1%","3,4% - 6,7%",2014-12-01,15.0
7,SaS,"4,1%","2,6% - 5,6%",2014-12-01,15.0
8,NOVA,"2,9%",-,2014-12-01,15.0
9,TIP,"2,7%",-,2014-12-01,15.0
10,SDKÚ-DS,"2,1%",-,2014-12-01,15.0
11,KSS,"2,1%",-,2014-12-01,15.0
12,Strana zelených,"1,4%",-,2014-12-01,15.0
13,ĽS Naše Slovensko,"0,9%",-,2014-12-01,15.0
14,Národ a spravodlivosť - NS,"0,4%",-,2014-12-01,15.0
15,Zmena zdola-Demokratická únia Slovenska,"0,4%",-,2014-12-01,15.0
16,iná strana,"0,6%",-,2014-12-01,15.0
0,HLAS  -  SD,"18,5%","15,5%  -  21,5%",2022-02-01,19.0
1,SMER  - $_{ SD}$,"15,6%","12,8% - 18,4%",2022-02-01,19.0
2,$_{SaS}$,"12,0%","9,5% - 14,5%",2022-02-01,19.0
3,$_{Progresívne Slovensko}$,"8,1%","6,0% - 10,1%",2022-02-01,19.0
4,OĽANO -NOVA- KÚ $_{-ZMENA ZDOLA}$,"7,8%","5,7% - 9,8%",2022-02-01,19.0
5,REPUBLIKA,"7,0%","5,1% - 9,0%",2022-02-01,19.0
6,$_{SME RODINA}$,"6,3%","4,4% - 8,2%",2022-02-01,19.0
7,KDH,"6,0%","4,2% - 7,8%",2022-02-01,19.0
8,Aliancia  $_{- Szövetség}$,"4,6%","3,0% - 6,2%",2022-02-01,19.0
9,Kotlebovci  $_{- ĽS Naše Slovensko}$,"3,8%","2,4% - 5,3%",2022-02-01,19.0
10,$_{SNS}$,"3,8%","2,4% - 5,3%",2022-02-01,19.0
11,$_{ZA ĽUDÍ}$,"2,7%","1,4% - 3,9%",2022-02-01,19.0
12,Maďarské fórum / Magyar Fórum,"1,2%","0,4% - 2,0%",2022-02-01,19.0
13,Dobrá voľba a Umiernení,"1,1%","0,3% - 1,9%",2022-02-01,19.0
14,SPOLU -  občianska demokracia,"0,8%",-,2022-02-01,19.0
15,iná strana 3,"0,7%",-,2022-02-01,19.0
0,SMER-SD,"26,2%","22,9% - 29,5%",2017-10-01,28.0
1,SaS,"13,8%","11,2% - 16,4%",2017-10-01,28.0
2,Kotleba - Ľudová strana Naše Slovensko,"10,1%","7,8% - 12,4%",2017-10-01,28.0
3,SME RODINA - Boris Kollár,"9,4%","7,2% - 11,6%",2017-10-01,28.0
4,OĽANO - NOVA,"8,5%","6,4% - 10,6%",2017-10-01,28.0
5,SNS,"8,1%","6,1% - 10,2%",2017-10-01,28.0
6,KDH,"7,3%","5,3% - 9,2%",2017-10-01,28.0
7,MOST-HÍD,"6,0%","4,2% - 7,8%",2017-10-01,28.0
8,SMK - MKP,"4,2%","2,7% - 5,7%",2017-10-01,28.0
9,ŠANCA,"1,1%",-,2017-10-01,28.0
10,KSS,"1,0%",-,2017-10-01,28.0
11,SZS,"0,9%",-,2017-10-01,28.0
12,SDKÚ-DS,"0,7%",-,2017-10-01,28.0
13,SMS,"0,7%",-,2017-10-01,28.0
14,SIEŤ,"0,7%",-,2017-10-01,28.0
15,MKDA-MKDSZ,"0,5%",-,2017-10-01,28.0
16,SKOK - ELD,"0,4%",-,2017-10-01,28.0
17,DS,"0,2%",-,2017-10-01,28.0
18,Priama demokracia,"0,2%",-,2017-10-01,28.0
19,VZDOR,"0,0%",-,2017-10-01,28.0
20,iná strana,"0,0%",-,2017-10-01,28.0
0,SMER - SD,"18,7%","15,9% - 21,4%",2020-01-01,1.0
1,Kotlebovci - ĽS Naše Slovensko,"13,6%","11,2% - 16,0%",2020-01-01,1.0
2,Koalícia PS a SPOLU,"10,5%","8,3% - 12,6%",2020-01-01,1.0
3,ZA ĽUDÍ,"10,3%","8,1% - 12,4%",2020-01-01,1.0
4,OĽANO-NOVA-KÚ-ZMENA ZDOLA,"7,7%","5,9% - 9,6%",2020-01-01,1.0
5,SME RODINA,"7,1%","5,3% - 8,9%",2020-01-01,1.0
6,KDH,"6,0%","4,3% - 7,6%",2020-01-01,1.0
7,SaS,"5,4%","3,8% - 7,0%",2020-01-01,1.0
8,SNS,"5,1%","3,6% - 6,7%",2020-01-01,1.0
9,MOST - HÍD,"4,0%","2,6% - 5,4%",2020-01-01,1.0
10,Maďarská komunitná spolupatričnosť -,"3,7%","2,4% - 5,1%",2020-01-01,1.0
12,DOBRÁ VOĽBA,"3,3%","2,0% - 4,5%",2020-01-01,1.0
13,VLASŤ,"2,3%","1,2% - 3,3%",2020-01-01,1.0
14,MÁME TOHO DOSŤ !,"0,5%",,2020-01-01,1.0
15,Socialisti.sk,"0,5%",,2020-01-01,1.0
16,STAROSTOVIA A NEZÁVISLÍ KANDIDÁTI,"0,4%",,2020-01-01,1.0
17,Hlas ľudu,"0,2%",,2020-01-01,1.0
18,Demokratická strana,"0,2%",,2020-01-01,1.0
19,Slovenská ľudová strana Andreja Hlinku,"0,2%",,2020-01-01,1.0
20,Práca slovenského národa,"0,2%",,2020-01-01,1.0
21,Slovenské Hnutie Obrody,"0,1%",,2020-01-01,1.0
22,Slovenská liga,"0,0%",,2020-01-01,1.0
23,SOLIDARITA - Hnutie pracujúcej chudoby,"0,0%",,2020-01-01,1.0
24,Hlas pravice,"0,0%",,2020-01-01,1.0
25,99% - občiansky hlas,"0,0%",,2020-01-01,1.0
0,SMER-SD,"26,4%","23,1% - 29,7%",2017-12-01,26.0
1,SaS,"14,2%","11,6% - 16,8%",2017-12-01,26.0
2,SNS,"10,3%","8,0% - 12,5%",2017-12-01,26.0
3,OĽANO - NOVA,"9,2%","7,1% - 11,4%",2017-12-01,26.0
4,Kotleba - Ľudová strana Naše Slovensko,"9,1%","6,9% - 11,2%",2017-12-01,26.0
5,SME RODINA - Boris Kollár,"8,2%","6,2% - 10,3%",2017-12-01,26.0
6,KDH,"6,3%","4,5% - 8,1%",2017-12-01,26.0
7,MOST-HÍD,"6,2%","4,4% - 8,0%",2017-12-01,26.0
8,SMK - MKP,"4,0%","2,5% - 5,4%",2017-12-01,26.0
9,SZS,"1,5%",-,2017-12-01,26.0
10,KSS,"1,2%",-,2017-12-01,26.0
11,SIEŤ,"0,7%",-,2017-12-01,26.0
12,SDKÚ-DS,"0,6%",-,2017-12-01,26.0
13,SKOK,"0,6%",-,2017-12-01,26.0
14,ŠANCA,"0,6%",-,2017-12-01,26.0
15,MKDA-MKDSZ,"0,3%",-,2017-12-01,26.0
16,VZDOR,"0,3%",-,2017-12-01,26.0
17,DS,"0,1%",-,2017-12-01,26.0
18,Priama demokracia,"0,1%",-,2017-12-01,26.0
19,SMS,"0,1%",-,2017-12-01,26.0
20,iná strana,"0,0%",-,2017-12-01,26.0
0,SMER-SD,"26,0%","22,7% - 29,3%",2017-09-01,29.0
1,SaS,"14,0%","11,5% - 16,6%",2017-09-01,29.0
2,Kotleba - Ľudová strana Naše Slovensko,"10,4%","8,1% - 12,6%",2017-09-01,29.0
3,OĽANO - NOVA,"9,6%","7,4% - 11,8%",2017-09-01,29.0
4,SME RODINA - Boris Kollár,"9,1%","6,9% - 11,2%",2017-09-01,29.0
5,SNS,"8,7%","6,6% - 10,9%",2017-09-01,29.0
6,KDH,"6,4%","4,6% - 8,2%",2017-09-01,29.0
7,MOST-HÍD,"6,0%","4,2% - 7,8%",2017-09-01,29.0
8,SMK - MKP,"4,0%","2,5% - 5,5%",2017-09-01,29.0
9,SZS,"1,6%",-,2017-09-01,29.0
10,KSS,"0,9%",-,2017-09-01,29.0
11,SDKÚ-DS,"0,8%",-,2017-09-01,29.0
12,SMS,"0,8%",-,2017-09-01,29.0
13,SIEŤ,"0,7%",-,2017-09-01,29.0
14,ŠANCA,"0,4%",-,2017-09-01,29.0
15,SKOK,"0,2%",-,2017-09-01,29.0
16,MKDA-MKDSZ,"0,2%",-,2017-09-01,29.0
17,DS,"0,1%",-,2017-09-01,29.0
18,Priama demokracia,"0,1%",-,2017-09-01,29.0
19,VZDOR,"0,0%",-,2017-09-01,29.0
20,iná strana,"0,0%",-,2017-09-01,29.0
0,SMER-SD,"26,2%","22,9% - 29,4%",2017-06-01,32.0
1,SaS,"13,4%","10,9% - 15,9%",2017-06-01,32.0
2,Kotleba - Ľudová strana Naše Slovensko,"10,9%","8,6% - 13,2%",2017-06-01,32.0
3,SNS,"10,2%","8,0% - 12,4%",2017-06-01,32.0
4,OĽANO - NOVA,"9,6%","7,5% - 11,8%",2017-06-01,32.0
5,SME RODINA - Boris Kollár,"7,4%","5,5% - 9,3%",2017-06-01,32.0
6,MOST-HÍD,"6,9%","5,1% - 8,8%",2017-06-01,32.0
7,KDH,"5,7%","4,0% - 7,5%",2017-06-01,32.0
8,SMK - MKP,"4,0%","2,5% - 5,4%",2017-06-01,32.0
9,SZS,"1,6%",-,2017-06-01,32.0
10,KSS,"1,2%",-,2017-06-01,32.0
11,SIEŤ,"0,6%",-,2017-06-01,32.0
12,ŠANCA,"0,5%",-,2017-06-01,32.0
13,SDKÚ-DS,"0,3%",-,2017-06-01,32.0
14,SKOK,"0,3%",-,2017-06-01,32.0
15,Priama demokracia,"0,3%",-,2017-06-01,32.0
16,SMS,"0,1%",-,2017-06-01,32.0
17,DS,"0,1%",-,2017-06-01,32.0
18,VZDOR,"0,0%",-,2017-06-01,32.0
19,MKDA-MKDSZ,"0,0%",-,2017-06-01,32.0
20,iná strana,"0,7%",-,2017-06-01,32.0
0,HLAS  -  SD,"19,0%","16,3%  -  21,7%",2022-12-01,9.0
1,SMER  - $_{ SD}$,"16,6%","14,1% - 19,1%",2022-12-01,9.0
2,$_{Progresívne Slovensko}$,"12,8%","10,5% - 15,1%",2022-12-01,9.0
3,SME RODINA,"8,2%","6,3% - 10,1%",2022-12-01,9.0
4,OĽANO -NOVA- KÚ $_{-ZMENA ZDOLA}$,"7,4%","5,6% - 9,2%",2022-12-01,9.0
5,$_{REPUBLIKA}$,"6,9%","5,2% - 8,6%",2022-12-01,9.0
6,$_{KDH}$,"5,9%","4,3% - 7,5%",2022-12-01,9.0
7,SaS,"5,6%","4,0% - 7,2%",2022-12-01,9.0
8,Aliancia  $_{- Szövetség}$,"4,4%","3,0% - 5,8%",2022-12-01,9.0
9,$_{SNS}$,"3,4%","2,2% - 4,6%",2022-12-01,9.0
10,Kotlebovci  $_{- ĽS Naše Slovensko}$,"3,1%","1,9% - 4,3%",2022-12-01,9.0
11,$_{ZA ĽUDÍ}$,"2,2%","1,2% - 3,2%",2022-12-01,9.0
12,Dobrá voľba a Umiernení,"1,1%","0,4% - 1,8%",2022-12-01,9.0
13,Maďarské fórum / Magyar Fórum,"1,1%","0,4% - 1,8%",2022-12-01,9.0
14,SPOLU -  občianska demokracia,"1,0%","0,3% - 1,7%",2022-12-01,9.0
15,iná strana 3,"1,3%",-,2022-12-01,9.0
0,HLAS  -  SD,"20,3%","17,2%  -  23,4%",2022-09-01,12.0
1,SMER  - $_{ SD}$,"15,3%","12,5% - 18,1%",2022-09-01,12.0
2,$_{Progresívne Slovensko}$,"9,6%","7,4% - 11,9%",2022-09-01,12.0
3,$_{SaS}$,"8,2%","6,1% - 10,3%",2022-09-01,12.0
4,REPUBLIKA,"7,8%","5,8% - 9,9%",2022-09-01,12.0
5,OĽANO -NOVA- KÚ $_{-ZMENA ZDOLA}$,"7,2%","5,2% - 9,2%",2022-09-01,12.0
6,$_{SME RODINA}$,"7,0%","5,0% - 8,9%",2022-09-01,12.0
7,KDH,"6,2%","4,3% - 8,0%",2022-09-01,12.0
8,Aliancia  $_{- Szövetség}$,"4,6%","3,0% - 6,2%",2022-09-01,12.0
9,$_{SNS}$,"3,9%","2,4% - 5,4%",2022-09-01,12.0
10,Kotlebovci  $_{- ĽS Naše Slovensko}$,"2,9%","1,6% - 4,2%",2022-09-01,12.0
11,ZA  $_{ĽUDÍ}$,"2,4%","1,2% - 3,6%",2022-09-01,12.0
12,Maďarské fórum / Magyar Fórum,"1,7%","0,7% - 2,8%",2022-09-01,12.0
13,Dobrá voľba a Umiernení,"1,5%","0,6% - 2,4%",2022-09-01,12.0
14,SPOLU -  občianska demokracia,"0,7%","0,1% - 1,4%",2022-09-01,12.0
15,iná strana 3,"0,7%",-,2022-09-01,12.0
0,SMER - SD,"23,3%","20,0% - 26,6%",2024-07-01,
1,Progresívne Slovensko,"22,1%","18,9% - 25,3%",2024-07-01,
2,HLAS - SD,"12,8%","10,2% - 15,4%",2024-07-01,
3,REPUBLIKA,"7,9%","5,8% - 10,0%",2024-07-01,
4,KDH,"6,0%","4,2% - 7,8%",2024-07-01,
5,SaS,"5,6%","3,8% - 7,4%",2024-07-01,
6,Maďarská aliancia - Magyar Szövetség,"5,2%","3,5% - 6,9%",2024-07-01,
7,DemokraE,"5,0%","3,3% - 6,7%",2024-07-01,
8,SNS,"4,7%","3,1% - 6,3%",2024-07-01,
9,"Koalícia Slovensko, KÚ a ZĽ","4,1%","2,6% - 5,6%",2024-07-01,
10,SME RODINA,"3,2%","1,8% - 4,6%",2024-07-01,
11,iná strana,"0,1%",-,2024-07-01,
0,SMER-SD,"27,9%","24,6% - 31,2%",2016-01-01,2.0
1,SaS,"13,2%","10,7% - 15,7%",2016-01-01,2.0
2,Kotleba - Ľudová strana Naše Slovensko,"10,2%","8,0% - 12,5%",2016-01-01,2.0
3,OĽANO - NOVA,"10,2%","8,0% - 12,5%",2016-01-01,2.0
4,SNS,"10,1%","7,9% - 12,4%",2016-01-01,2.0
5,SME RODINA - Boris Kollár,"7,4%","5,5% - 9,4%",2016-01-01,2.0
6,MOST-HÍD,"6,4%","4,6% - 8,2%",2016-01-01,2.0
7,KDH,"5,3%","3,7% - 7,0%",2016-01-01,2.0
8,SMK - MKP,"3,4%","2,0% - 4,7%",2016-01-01,2.0
9,SZS,"1,4%",-,2016-01-01,2.0
10,KSS,"1,2%",-,2016-01-01,2.0
11,SIEŤ,"0,9%",-,2016-01-01,2.0
12,SDKÚ-DS,"0,7%",-,2016-01-01,2.0
13,ŠANCA,"0,4%",-,2016-01-01,2.0
14,SKOK,"0,3%",-,2016-01-01,2.0
15,VZDOR,"0,3%",-,2016-01-01,2.0
16,Priama demokracia,"0,3%",-,2016-01-01,2.0
17,SMS,"0,2%",-,2016-01-01,2.0
18,DS,"0,2%",-,2016-01-01,2.0
19,Národná koalícia,"0,0%",-,2016-01-01,2.0
20,iná strana,"0,0%",-,2016-01-01,2.0
0,SMER-SD,"37,8%","34,3% - 41,3%",2014-08-01,19.0
1,SIEŤ,"11,6%","9,3% - 13,9%",2014-08-01,19.0
2,KDH,"10,9%","8,6% - 13,1%",2014-08-01,19.0
3,MOST-HÍD,"6,5%","4,7% - 8,3%",2014-08-01,19.0
4,SDKÚ-DS,"5,9%","4,2% - 7,5%",2014-08-01,19.0
5,OĽaNO,"5,7%","4,0% - 7,4%",2014-08-01,19.0
6,SMK,"5,0%","3,5% - 6,6%",2014-08-01,19.0
7,SaS,"4,6%","3,1% - 6,1%",2014-08-01,19.0
8,NOVA,"2,9%","1,7% - 4,1%",2014-08-01,19.0
9,SNS,"2,7%","1,5% - 3,9%",2014-08-01,19.0
10,KSS,"1,6%",,2014-08-01,19.0
11,ĽS Naše Slovensko,"1,6%",,2014-08-01,19.0
12,TIP,"1,4%",,2014-08-01,19.0
13,Strana zelených,"0,5%",,2014-08-01,19.0
14,Národ a spravodlivosť - NS,"0,5%",,2014-08-01,19.0
15,Zmena zdola-Demokratická únia Slovenska,"0,4%",,2014-08-01,19.0
16,iná strana,"0,4%",,2014-08-01,19.0
0,HLAS  -  SD,"21,6%","18,5%  -  24,6%",2021-06-01,27.0
1,$_{SaS}$,"12,8%","10,3% - 15,3%",2021-06-01,27.0
2,SMER  - $_{ SD}$,"12,0%","9,6% - 14,5%",2021-06-01,27.0
3,OĽANO -NOVA- KÚ $_{-ZMENA ZDOLA}$,"8,2%","6,1% - 10,2%",2021-06-01,27.0
4,$_{SME RODINA}$,"7,6%","5,6% - 9,6%",2021-06-01,27.0
5,$_{Progresívne Slovensko}$,"6,3%","4,4% - 8,1%",2021-06-01,27.0
6,KDH,"5,8%","4,0% - 7,5%",2021-06-01,27.0
7,Aliancia  - Szövetség 3,"5,7%","3,9% - 7,4%",2021-06-01,27.0
8,Kotlebovci  - ĽS Naše Sl $_{ovensko}$,"4,8%","3,2% - 6,4%",2021-06-01,27.0
9,REPUBLIKA,"4,6%","3,0% - 6,1%",2021-06-01,27.0
10,$_{ZA ĽUDÍ}$,"3,4%","2,1% - 4,8%",2021-06-01,27.0
11,$_{SNS}$,"3,2%","1,9% - 4,6%",2021-06-01,27.0
12,SPOLU -  občianska  demokracia,"1,5%","0,6% - 2,4%",2021-06-01,27.0
13,DOBRÁ VOĽBA,"1,3%","0,5% - 2,1%",2021-06-01,27.0
14,iná strana 4,"1,2%",-,2021-06-01,27.0
0,SMER-SD,"39,0%","35,5% - 42,4%",2015-11-01,4.0
1,SIEŤ,"12,9%","10,5% - 15,2%",2015-11-01,4.0
2,KDH,"7,7%","5,8% - 9,6%",2015-11-01,4.0
3,MOST-HÍD,"7,0%","5,1% - 8,8%",2015-11-01,4.0
4,"koalícia OĽaNO, NOVA  $^{3}$","6,6%","4,8% - 8,3%",2015-11-01,4.0
5,SNS,"6,0%","4,3% - 7,7%",2015-11-01,4.0
6,SaS,"5,2%","3,7% - 6,8%",2015-11-01,4.0
7,SMK,"4,1%","2,7% - 5,5%",2015-11-01,4.0
8,SDKÚ-DS,"3,0%","1,8% - 4,2%",2015-11-01,4.0
9,TIP,"1,8%","0,9% - 2,8%",2015-11-01,4.0
10,Šanca,"1,4%","0,6% - 2,3%",2015-11-01,4.0
11,ĽS NS (Ľudová strana Naše Slovensko),"1,4%","0,6% - 2,3%",2015-11-01,4.0
12,KSS,"1,3%","0,5% - 2,1%",2015-11-01,4.0
13,SKOK,"1,0%","0,3% - 1,8%",2015-11-01,4.0
14,Strana zelených,"0,7%",-,2015-11-01,4.0
15,iná strana,"0,9%",-,2015-11-01,4.0
0,SMER-SD,"20,0%","17,1% - 22,8%",2019-11-01,3.0
1,koalícia strán PS a SPOLU,"11,7%","9,5% - 14,0%",2019-11-01,3.0
2,ZA ĽUDÍ,"10,6%","8,4% - 12,8%",2019-11-01,3.0
3,ĽS Naše Slovensko,"10,3%","8,2% - 12,5%",2019-11-01,3.0
4,SME RODINA,"7,0%","5,2% - 8,8%",2019-11-01,3.0
5,SNS,"6,8%","5,0% - 8,6%",2019-11-01,3.0
6,KDH,"5,7%","4,1% - 7,4%",2019-11-01,3.0
7,OĽANO,"5,7%","4,1% - 7,4%",2019-11-01,3.0
8,SaS,"5,0%","3,5% - 6,6%",2019-11-01,3.0
9,MOST-HÍD,"4,1%","2,7% - 5,5%",2019-11-01,3.0
10,SMK - MKP,"3,5%","2,2% - 4,8%",2019-11-01,3.0
11,VLASŤ,"3,0%","1,8% - 4,2%",2019-11-01,3.0
12,DOBRÁ VOĽBA,"2,9%","1,7% - 4,1%",2019-11-01,3.0
13,MÁME TOHO DOSŤ!,"1,0%",-,2019-11-01,3.0
14,iná strana $^{3}$,"2,7%",-,2019-11-01,3.0
0,SMER-SD,"38,4%","34,9% - 41,9%",2015-12-01,3.0
1,SIEŤ,"13,4%","10,9% - 15,9%",2015-12-01,3.0
2,KDH,"7,4%","5,5% - 9,3%",2015-12-01,3.0
3,MOST-HÍD,"6,6%","4,8% - 8,4%",2015-12-01,3.0
4,OĽaNO - NOVA,"6,4%","4,6% - 8,2%",2015-12-01,3.0
5,SNS,"6,3%","4,5% - 8,0%",2015-12-01,3.0
6,SaS,"5,3%","3,7% - 7,0%",2015-12-01,3.0
7,SMK,"4,2%","2,8% - 5,7%",2015-12-01,3.0
8,SDKÚ-DS,"2,5%","1,3% - 3,6%",2015-12-01,3.0
9,ĽS Naše Slovensko,"1,9%","0,9% - 2,9%",2015-12-01,3.0
10,ŠANCA,"1,8%","0,8% - 2,7%",2015-12-01,3.0
11,KSS,"1,5%","0,6% - 2,4%",2015-12-01,3.0
12,TIP,"1,2%","0,4% - 2,0%",2015-12-01,3.0
13,SKOK!,"1,2%","0,4% - 2,0%",2015-12-01,3.0
14,SME RODINA - Boris Kollár,"1,1%","0,3% - 1,8%",2015-12-01,3.0
15,Strana zelených,"0,7%",-,2015-12-01,3.0
16,iná strana $^{3}$,"0,1%",-,2015-12-01,3.0
0,OĽANO-NOVA-KÚ-ZMENA ZDOLA,"22,9%","19,9% - 25,9%",2020-05-01,40.0
1,SMER - SD,"21,6%","18,6% - 24,5%",2020-05-01,40.0
2,SME RODINA,"11,2%","8,9% - 13,5%",2020-05-01,40.0
3,Kotlebovci - ĽS Naše Slovensko,"9,7%","7,5% - 11,8%",2020-05-01,40.0
4,SaS,"8,0%","6,0% - 10,0%",2020-05-01,40.0
5,Progresívne Slovensko $^{3}$,"6,5%","4,7% - 8,3%",2020-05-01,40.0
6,KDH,"4,8%","3,3% - 6,3%",2020-05-01,40.0
7,ZA ĽUDÍ,"4,3%","2,8% - 5,7%",2020-05-01,40.0
8,SMK-MKP,"4,2%","2,7% - 5,6%",2020-05-01,40.0
9,DOBRÁ VOĽBA,"2,0%","1,0% - 3,0%",2020-05-01,40.0
10,MOST - HÍD,"1,5%","0,6% - 2,4%",2020-05-01,40.0
11,SNS,"1,4%","0,5% - 2,3%",2020-05-01,40.0
12,VLASŤ,"1,3%","0,4% - 2,2%",2020-05-01,40.0
13,iná strana $^{4}$,"0,6%",-,2020-05-01,40.0
0,HLAS  -  SD,"20,5%","17,5%  -  23,4%",2022-05-01,16.0
1,SMER  - $_{ SD}$,"14,4%","11,8% - 17,0%",2022-05-01,16.0
2,$_{SaS}$,"9,6%","7,4% - 11,8%",2022-05-01,16.0
3,$_{Progresívne Slovensko}$,"9,1%","6,9% - 11,2%",2022-05-01,16.0
4,$_{SME RODINA}$,"7,6%","5,6% - 9,5%",2022-05-01,16.0
5,OĽANO -NOVA- KÚ $_{-ZMENA ZDOLA}$,"7,1%","5,2% - 9,0%",2022-05-01,16.0
6,REPUBLIKA,"6,8%","4,9% - 8,7%",2022-05-01,16.0
7,KDH,"6,7%","4,8% - 8,6%",2022-05-01,16.0
8,Aliancia  $_{- Szövetség}$,"4,1%","2,6% - 5,6%",2022-05-01,16.0
9,$_{SNS}$,"4,0%","2,5% - 5,5%",2022-05-01,16.0
10,Kotlebovci  $_{- ĽS Naše Slovensko}$,"3,3%","2,0% - 4,6%",2022-05-01,16.0
11,$_{ZA ĽUDÍ}$,"2,1%","1,1% - 3,2%",2022-05-01,16.0
12,Maďarské fórum / Magyar Fórum,"1,8%","0,8% - 2,8%",2022-05-01,16.0
13,Dobrá voľba a Umiernení,"1,2%","0,4% - 2,0%",2022-05-01,16.0
14,SPOLU -  občianska demokracia,"1,0%","0,3% - 1,7%",2022-05-01,16.0
15,iná strana 3,"0,7%",-,2022-05-01,16.0
0,SMER - SD,"19,6%","16,8% - 22,4%",2019-12-01,2.0
1,Kotlebovci - ĽS Naše Slovensko,"11,8%","9,6% - 14,1%",2019-12-01,2.0
2,Koalícia PS a SPOLU,"10,3%","8,2% - 12,4%",2019-12-01,2.0
3,ZA ĽUDÍ,"9,2%","7,2% - 11,2%",2019-12-01,2.0
4,OĽANO-NOVA-KÚ-ZMENA ZDOLA,"8,0%","6,1% - 9,9%",2019-12-01,2.0
5,SME RODINA,"7,0%","5,2% - 8,8%",2019-12-01,2.0
6,KDH,"5,7%","4,1% - 7,3%",2019-12-01,2.0
7,SaS,"5,7%","4,1% - 7,3%",2019-12-01,2.0
8,SNS,"5,4%","3,8% - 7,0%",2019-12-01,2.0
9,MOST - HÍD,"4,3%","2,9% - 5,7%",2019-12-01,2.0
10,Magyar Közösségi Összefogás - Maďarská,"4,3%","2,9% - 5,7%",2019-12-01,2.0
12,DOBRÁ VOĽBA,"3,8%","2,5% - 5,2%",2019-12-01,2.0
13,VLASŤ,"2,1%","1,1% - 3,1%",2019-12-01,2.0
14,MÁME TOHO DOSŤ !,"0,8%",,2019-12-01,2.0
15,Socialisti.sk,"0,8%",,2019-12-01,2.0
16,Hlas ľudu,"0,2%",,2019-12-01,2.0
17,Slovenská liga,"0,2%",,2019-12-01,2.0
18,Slovenské Hnutie Obrody,"0,2%",,2019-12-01,2.0
19,Demokratická strana,"0,2%",,2019-12-01,2.0
20,Hlas pravice,"0,1%",,2019-12-01,2.0
21,Slovenská ľudová strana Andreja Hlinku,"0,1%",,2019-12-01,2.0
22,99% - občiansky hlas,"0,1%",,2019-12-01,2.0
23,SOLIDARITA - Hnutie pracujúcej chudoby,"0,1%",,2019-12-01,2.0
24,Práca slovenského národa,"0,0%",,2019-12-01,2.0
25,STAROSTOVIA A NEZÁVISLÍ KANDIDÁTI,"0,0%",-,2019-12-01,2.0
0,SMER-SD,"39,1%","35,5% - 42,6%",2015-10-01,5.0
1,SIEŤ,"12,6%","10,1% - 15,0%",2015-10-01,5.0
2,MOST-HÍD,"7,3%","5,4% - 9,2%",2015-10-01,5.0
3,KDH,"7,1%","5,2% - 9,0%",2015-10-01,5.0
4,"koalícia OĽaNO, NOVA","6,7%","4,9% - 8,5%",2015-10-01,5.0
5,SNS,"6,1%","4,4% - 7,9%",2015-10-01,5.0
6,SaS,"5,2%","3,5% - 6,8%",2015-10-01,5.0
7,SMK,"4,2%","2,7% - 5,6%",2015-10-01,5.0
8,SDKÚ-DS,"2,8%","1,6% - 4,0%",2015-10-01,5.0
9,TIP,"2,0%","0,9% - 3,0%",2015-10-01,5.0
10,Šanca,"2,0%","0,9% - 3,0%",2015-10-01,5.0
11,SKOK,"1,7%",-,2015-10-01,5.0
12,ĽS NS (Ľudová strana Naše Slovensko),"1,0%",-,2015-10-01,5.0
13,KSS,"0,8%",-,2015-10-01,5.0
14,Strana zelených,"0,6%",-,2015-10-01,5.0
15,Národná koalícia,"0,3%",-,2015-10-01,5.0
16,iná strana,"0,5%",-,2015-10-01,5.0
0,OĽANO-NOVA-KÚ-ZMENA ZDOLA,"21,2%","18,1% - 24,2%",2020-06-01,39.0
1,SMER - SD,"19,0%","16,1% - 22,0%",2020-06-01,39.0
2,SME RODINA $^{3}$,"12,8%","10,3% - 15,3%",2020-06-01,39.0
3,Kotlebovci - ĽS Naše Slovensko,"9,6%","7,4% - 11,8%",2020-06-01,39.0
4,SaS,"9,2%","7,0% - 11,4%",2020-06-01,39.0
5,Progresívne Slovensko,"6,2%","4,4% - 8,1%",2020-06-01,39.0
6,KDH,"4,6%","3,1% - 6,2%",2020-06-01,39.0
7,SMK-MKP,"3,7%","2,3% - 5,1%",2020-06-01,39.0
8,ZA ĽUDÍ,"3,6%","2,2% - 5,0%",2020-06-01,39.0
9,DOBRÁ VOĽBA,"2,4%","1,2% - 3,5%",2020-06-01,39.0
10,VLASŤ,"2,2%","1,1% - 3,3%",2020-06-01,39.0
11,SNS,"2,1%","1,0% - 3,1%",2020-06-01,39.0
12,MOST - HÍD,"1,5%","0,6% - 2,4%",2020-06-01,39.0
13,iná strana $^{4}$,"1,9%",-,2020-06-01,39.0
0,SMER-SD,"20,8%","17,9% - 23,7%",2019-08-01,6.0
1,koalícia strán Progresívne Slovensko a SPOLU-OD,"14,9%","12,3% - 17,4%",2019-08-01,6.0
2,Kotleba - Ľudová strana Naše Slovensko,"11,4%","9,1% - 13,7%",2019-08-01,6.0
3,SaS,"7,9%","6,0% - 9,9%",2019-08-01,6.0
4,KDH,"7,3%","5,4% - 9,2%",2019-08-01,6.0
5,SNS,"7,0%","5,2% - 8,8%",2019-08-01,6.0
6,SME RODINA - Boris Kollár,"6,6%","4,8% - 8,4%",2019-08-01,6.0
7,OĽANO,"6,1%","4,4% - 7,9%",2019-08-01,6.0
8,Za ľudí,"5,5%","3,8% - 7,1%",2019-08-01,6.0
9,MOST-HÍD,"4,3%","2,8% - 5,7%",2019-08-01,6.0
10,SMK - MKP,"3,5%","2,2% - 4,8%",2019-08-01,6.0
11,iná strana $^{3}$,"4,7%",-,2019-08-01,6.0
0,SMER-SD,"20,2%","17,1% - 23,3%",2018-03-01,23.0
1,SaS,"14,0%","11,3% - 16,6%",2018-03-01,23.0
2,OĽANO - NOVA,"10,4%","8,0% - 12,7%",2018-03-01,23.0
3,SME RODINA - Boris Kollár,"10,4%","8,0% - 12,7%",2018-03-01,23.0
4,Kotleba - Ľudová strana Naše Slovensko,"10,1%","7,8% - 12,4%",2018-03-01,23.0
5,SNS,"10,0%","7,6% - 12,3%",2018-03-01,23.0
6,KDH,"7,0%","5,0% - 9,0%",2018-03-01,23.0
7,MOST-HÍD,"5,6%","3,9% - 7,4%",2018-03-01,23.0
8,SMK - MKP,"4,1%","2,5% - 5,6%",2018-03-01,23.0
9,KSS,"1,5%",-,2018-03-01,23.0
10,Progresívne Slovensko,"1,4%",-,2018-03-01,23.0
11,SPOLU - Občianska demokracia,"1,1%",-,2018-03-01,23.0
12,SZS,"0,8%",-,2018-03-01,23.0
13,SMS,"0,6%",-,2018-03-01,23.0
14,VZDOR,"0,6%",-,2018-03-01,23.0
15,SDKÚ-DS,"0,5%",-,2018-03-01,23.0
16,ŠANCA,"0,4%",-,2018-03-01,23.0
17,SIEŤ,"0,3%",-,2018-03-01,23.0
18,Priama demokracia,"0,3%",-,2018-03-01,23.0
19,MKDA-MKDSZ,"0,3%",-,2018-03-01,23.0
20,DS,"0,3%",-,2018-03-01,23.0
21,SKOK - ELD,"0,1%",-,2018-03-01,23.0
22,iná strana,"0,0%",-,2018-03-01,23.0
0,SMER-SD,"21,2%","18,4% - 24,0%",2019-02-01,12.0
1,Kotleba - Ľudová strana Naše Slovensko,"11,7%","9,5% - 13,9%",2019-02-01,12.0
2,SaS,"11,2%","9,0% - 13,4%",2019-02-01,12.0
3,koalícia strán Progresívne Slovensko a SPOLU - OD,"9,5%","7,4% - 11,5%",2019-02-01,12.0
4,SME RODINA - Boris Kollár,"9,5%","7,4% - 11,5%",2019-02-01,12.0
5,OĽANO - NOVA,"8,4%","6,4% - 10,3%",2019-02-01,12.0
6,SNS,"7,5%","5,7% - 9,3%",2019-02-01,12.0
7,KDH,"6,5%","4,8% - 8,2%",2019-02-01,12.0
8,MOST-HÍD,"5,4%","3,8% - 6,9%",2019-02-01,12.0
9,SMK - MKP,"3,1%","1,9% - 4,3%",2019-02-01,12.0
10,SZS,"1,6%",-,2019-02-01,12.0
11,KSS,"1,3%",-,2019-02-01,12.0
12,ŠANCA,"0,7%",-,2019-02-01,12.0
13,Priama demokracia,"0,6%",-,2019-02-01,12.0
14,SKOK - ELD,"0,4%",-,2019-02-01,12.0
15,SDKÚ-DS,"0,2%",-,2019-02-01,12.0
16,SMS,"0,2%",-,2019-02-01,12.0
17,SKS,"0,2%",-,2019-02-01,12.0
18,VZDOR,"0,2%",-,2019-02-01,12.0
19,DS,"0,1%",-,2019-02-01,12.0
20,MKDA-MKDSZ,"0,1%",-,2019-02-01,12.0
21,iná strana,"0,4%",-,2019-02-01,12.0
22,Progresívne Slovensko,-,-,2019-02-01,12.0
23,SPOLU - Občianska demokracia,-,-,2019-02-01,12.0
0,HLAS  -  SD,"22,4%","19,2%  -  25,6%",2021-05-01,28.0
1,$_{SaS}$,"12,3%","9,8% - 14,9%",2021-05-01,28.0
2,SMER  - $_{ SD}$,"11,8%","9,3% - 14,3%",2021-05-01,28.0
3,OĽANO -NOVA- KÚ $_{-ZMENA ZDOLA}$,"8,8%","6,6% - 11,0%",2021-05-01,28.0
4,$_{SME RODINA}$,"7,2%","5,2% - 9,2%",2021-05-01,28.0
5,$_{Progresívne Slovensko}$,"6,1%","4,2% - 7,9%",2021-05-01,28.0
6,$_{KDH}$,"5,7%","3,9% - 7,5%",2021-05-01,28.0
7,Kotlebovci  - ĽS Naše Sl $_{ovensko}$,"4,9%","3,2% - 6,5%",2021-05-01,28.0
8,Aliancia  - Szövetség $^{3}$,"4,8%","3,1% - 6,4%",2021-05-01,28.0
9,REPUBLIKA,"4,5%","2,9% - 6,1%",2021-05-01,28.0
10,$_{ZA ĽUDÍ}$,"3,5%","2,1% - 4,9%",2021-05-01,28.0
11,$_{SNS}$,"3,4%","2,0% - 4,8%",2021-05-01,28.0
12,DOBRÁ VOĽBA,"1,4%","0,5% - 2,3%",2021-05-01,28.0
13,SPOLU -  občianska  demokracia,"1,3%","0,4% - 2,2%",2021-05-01,28.0
14,iná strana 4,"1,9%",-,2021-05-01,28.0
0,SMER-SD,"24,8%","21,6% - 28,0%",2017-11-01,27.0
1,SaS,"14,2%","11,4% - 16,5%",2017-11-01,27.0
2,OĽANO - NOVA,"12,5%","10,0% - 14,9%",2017-11-01,27.0
3,SME RODINA - Boris Kollár,"8,5%","6,5% - 10,6%",2017-11-01,27.0
4,Kotleba - Ľudová strana Naše Slovensko,"8,4%","6,4% - 10,5%",2017-11-01,27.0
5,SNS,"8,0%","6,1% - 10,1%",2017-11-01,27.0
6,KDH,"7,2%","5,4% - 9,3%",2017-11-01,27.0
7,MOST-HÍD,"5,6%","3,9% - 7,3%",2017-11-01,27.0
8,SMK - MKP,"3,6%","2,2% - 5,0%",2017-11-01,27.0
9,KSS,"1,5%",-,2017-11-01,27.0
10,SZS,"1,0%",-,2017-11-01,27.0
11,SIEŤ,"0,9%",-,2017-11-01,27.0
12,ŠANCA,"0,8%",-,2017-11-01,27.0
13,SDKÚ-DS,"0,6%",-,2017-11-01,27.0
14,SKOK - ELD,"0,6%",-,2017-11-01,27.0
15,SMS,"0,3%",-,2017-11-01,27.0
16,MKDA-MKDSZ,"0,3%",-,2017-11-01,27.0
17,Priama demokracia,"0,3%",-,2017-11-01,27.0
18,VZDOR,"0,2%",-,2017-11-01,27.0
19,DS,"0,1%",-,2017-11-01,27.0
20,iná strana,"0,6%",-,2017-11-01,27.0
0,SMER-SD,"19,7%","16,9% - 22,5%",2019-05-01,9.0
1,koalícia strán Progresívne Slovensko a SPOLU-OD,"17,8%","15,1% - 20,4%",2019-05-01,9.0
2,Kotleba - Ľudová strana Naše Slovensko,"12,5%","10,2% - 14,8%",2019-05-01,9.0
3,SaS,"8,0%","6,1% - 9,9%",2019-05-01,9.0
4,KDH,"7,5%","5,6% - 9,3%",2019-05-01,9.0
5,SME RODINA - Boris Kollár,"7,3%","5,5% - 9,2%",2019-05-01,9.0
6,SNS,"7,2%","5,6% - 9,4%",2019-05-01,9.0
7,OĽANO,"6,7%","4,9% - 8,4%",2019-05-01,9.0
8,MOST-HÍD,"4,4%","2,9% - 5,8%",2019-05-01,9.0
9,SMK - MKP,"3,7%","2,4% - 5,1%",2019-05-01,9.0
10,Kresťanská únia,"1,4%",-,2019-05-01,9.0
11,SZS,"1,3%",-,2019-05-01,9.0
12,KSS,"0,4%",-,2019-05-01,9.0
13,SDKÚ-DS,"0,4%",-,2019-05-01,9.0
14,Priama demokracia,"0,4%",-,2019-05-01,9.0
15,KDŽP,"0,3%",-,2019-05-01,9.0
16,Maďarské fórum - Magyar Fórum,"0,1%",-,2019-05-01,9.0
17,Národná koalícia,"0,1%",-,2019-05-01,9.0
18,ŠANCA,"0,1%",-,2019-05-01,9.0
19,VZDOR,"0,1%",-,2019-05-01,9.0
20,SMS,"0,1%",-,2019-05-01,9.0
21,MKDA-MKDSZ,"0,1%",-,2019-05-01,9.0
22,Demokrati Slovenska,"0,1%",-,2019-05-01,9.0
23,SKS,"0,0%",-,2019-05-01,9.0
24,SKOK - ELD,"0,0%",-,2019-05-01,9.0
25,iná strana,"0,3%",-,2019-05-01,9.0
0,SMER-SD,"21,7%","18,7% - 24,8%",2018-06-01,20.0
1,SaS,"12,4%","9,9% - 14,8%",2018-06-01,20.0
2,OĽANO - NOVA,"10,0%","7,8% - 12,2%",2018-06-01,20.0
3,SNS,"9,8%","7,6% - 12,0%",2018-06-01,20.0
4,Kotleba - Ľudová strana Naše Slovensko,"9,7%","7,5% - 11,9%",2018-06-01,20.0
5,SME RODINA - Boris Kollár,"8,1%","6,1% - 10,1%",2018-06-01,20.0
6,KDH,"6,7%","4,9% - 8,6%",2018-06-01,20.0
7,MOST-HÍD,"5,6%","3,9% - 7,4%",2018-06-01,20.0
8,SMK - MKP,"4,0%","2,6% - 5,5%",2018-06-01,20.0
9,Progresívne Slovensko,"3,9%","2,5% - 5,3%",2018-06-01,20.0
10,SPOLU - Občianska demokracia,"2,9%","1,7% - 4,2%",2018-06-01,20.0
11,KSS,"1,6%",-,2018-06-01,20.0
12,SZS,"1,3%",-,2018-06-01,20.0
13,SDKÚ-DS,"0,5%",-,2018-06-01,20.0
14,SMS,"0,4%",-,2018-06-01,20.0
15,ŠANCA,"0,3%",-,2018-06-01,20.0
16,SIEŤ,"0,3%",-,2018-06-01,20.0
17,Priama demokracia,"0,3%",-,2018-06-01,20.0
18,MKDA-MKDSZ,"0,2%",-,2018-06-01,20.0
19,VZDOR,"0,1%",-,2018-06-01,20.0
20,SKOK - ELD,"0,1%",-,2018-06-01,20.0
21,DS,"0,0%",-,2018-06-01,20.0
22,iná strana,"0,0%",-,2018-06-01,20.0
0,HLAS  -  SD,"19,3%","16,4%  -  22,3%",2021-10-01,23.0
1,SMER  - $_{ SD}$,"15,5%","12,8% - 18,2%",2021-10-01,23.0
2,$_{SaS}$,"12,2%","9,7% - 14,6%",2021-10-01,23.0
3,OĽANO -NOVA- KÚ $_{-ZMENA ZDOLA}$,"8,4%","6,3% - 10,4%",2021-10-01,23.0
4,$_{Progresívne Slovensko}$,"6,9%","5,0% - 8,8%",2021-10-01,23.0
5,$_{SME RODINA}$,"6,3%","4,5% - 8,1%",2021-10-01,23.0
6,KDH,"6,1%","4,3% - 7,9%",2021-10-01,23.0
7,REPUBLIKA,"5,5%","3,8% - 7,3%",2021-10-01,23.0
8,Aliancia  $_{- Szövetség}$,"5,2%","3,5% - 6,9%",2021-10-01,23.0
9,Kotlebovci  - ĽS Naše Sl $_{ovensko}$,"3,8%","2,4% - 5,3%",2021-10-01,23.0
10,$_{SNS}$,"3,3%","2,0% - 4,7%",2021-10-01,23.0
11,$_{ZA ĽUDÍ}$,"2,8%","1,6% - 4,1%",2021-10-01,23.0
12,DOBRÁ VOĽBA,"2,2%","1,1% - 3,3%",2021-10-01,23.0
13,SPOLU -  občianska  demokracia,"1,1%","0,3% - 1,8%",2021-10-01,23.0
14,iná strana 3,"1,4%",-,2021-10-01,23.0
0,SMER  - $_{ SD}$,"21,6%","18,6% - 24,6%",2024-03-01,
1,$_{Progresívne Slovensko}$,"20,1%","17,2% - 23,0%",2024-03-01,
2,HLAS  -  SD,"17,9%","15,1%  -  20,7%",2024-03-01,
3,"$_{Koalícia Slovensko, KÚ a ZĽ}$","6,4%","4,6% - 8,2%",2024-03-01,
4,KDH,"6,3%","4,5% - 8,1%",2024-03-01,
5,$_{SaS}$,"5,4%","3,8% - 7,0%",2024-03-01,
6,$_{SNS}$,"5,1%","3,5% - 6,7%",2024-03-01,
7,Aliancia  $_{- Szövetség}$,"5,0%","3,4% - 6,6%",2024-03-01,
8,REPUBLIKA,"4,6%","3,1% - 6,1%",2024-03-01,
9,Demokrati,"3,7%","2,3% - 5,1%",2024-03-01,
10,Kotlebovci  $_{- ĽS Naše Slovensko}$,"1,9%","0,9% - 2,9%",2024-03-01,
11,$_{SME RODINA}$,"1,8%","0,8% - 2,8%",2024-03-01,
12,$_{iná strana}$,"0,2%",-,2024-03-01,
0,SMER-SD,"34,6%","31,2% - 37,9%",2016-02-01,1.0
1,SIEŤ,"14,0%","11,6% - 16,5%",2016-02-01,1.0
2,SNS,"8,7%","6,7% - 10,7%",2016-02-01,1.0
3,MOST-HÍD,"8,2%","6,2% - 10,1%",2016-02-01,1.0
4,KDH,"7,0%","5,2% - 8,8%",2016-02-01,1.0
5,OĽANO - NOVA,"6,1%","4,4% - 7,8%",2016-02-01,1.0
6,SaS,"5,5%","3,9% - 7,1%",2016-02-01,1.0
7,SME RODINA - Boris Kollár,"4,2%","2,7% - 5,6%",2016-02-01,1.0
8,SMK - MKP,"3,5%","2,2% - 4,8%",2016-02-01,1.0
9,Kotleba - Ľudová strana Naše Slovensko,"2,1%","1,1% - 3,1%",2016-02-01,1.0
10,ŠANCA,"1,6%","0,7% - 2,4%",2016-02-01,1.0
11,SDKÚ-DS,"1,0%","0,3% - 1,8%",2016-02-01,1.0
12,SKOK,"1,0%","0,3% - 1,8%",2016-02-01,1.0
13,TIP,"0,9%",-,2016-02-01,1.0
14,KSS,"0,7%",-,2016-02-01,1.0
15,SZS,"0,4%",-,2016-02-01,1.0
16,Priama demokracia,"0,1%",-,2016-02-01,1.0
17,DS - Ľudo Kaník,"0,1%",-,2016-02-01,1.0
18,MKDA-MKD SZ,"0,1%",-,2016-02-01,1.0
19,SMS,"0,1%",-,2016-02-01,1.0
20,VZDOR,"0,1%",-,2016-02-01,1.0
21,Koalícia spoločne za Slovensko,"0,0%",-,2016-02-01,1.0
22,Odvaha - Veľká národná a proruská koalícia,"0,0%",-,2016-02-01,1.0
0,SMER-SD,"22,4%","19,2% - 25,5%",2015-03-01,12.0
1,Kotleba - Ľudová strana Naše Slovensko,"11,8%","9,4% - 14,2%",2015-03-01,12.0
2,SaS,"11,4%","9,0% - 13,8%",2015-03-01,12.0
3,koalícia strán Progresívne Slovensko a SPOLU - OD,"9,1%","6,9% - 11,2%",2015-03-01,12.0
4,SME RODINA - Boris Kollár,"9,0%","6,8% - 11,1%",2015-03-01,12.0
5,OĽANO - NOVA,"8,3%","6,3% - 10,4%",2015-03-01,12.0
6,SNS,"7,9%","5,9% - 9,9%",2015-03-01,12.0
7,KDH,"7,5%","5,6% - 9,5%",2015-03-01,12.0
8,MOST-HÍD,"4,5%","2,9% - 6,0%",2015-03-01,12.0
9,SMK - MKP,"3,0%","1,8% - 4,3%",2015-03-01,12.0
10,KSS,"1,2%",-,2015-03-01,12.0
11,SZS,"1,0%",-,2015-03-01,12.0
12,Priama demokracia,"0,8%",-,2015-03-01,12.0
13,SDKÚ-DS,"0,4%",-,2015-03-01,12.0
14,VZDOR,"0,3%",-,2015-03-01,12.0
15,DS,"0,3%",-,2015-03-01,12.0
16,ŠANCA,"0,2%",-,2015-03-01,12.0
17,SKOK - ELD,"0,2%",-,2015-03-01,12.0
18,SMS,"0,2%",-,2015-03-01,12.0
19,SKS,"0,2%",-,2015-03-01,12.0
20,MKDA-MKDSZ,"0,0%",-,2015-03-01,12.0
21,iná strana,"0,3%",-,2015-03-01,12.0
0,OĽANO-NOVA-KÚ-ZMENA ZDOLA,"24,4%","21,3% - 27,5%",2020-03-01,42.0
1,SMER - SD,"21,8%","18,8% - 24,8%",2020-03-01,42.0
2,SME RODINA,"11,5%","9,1% - 13,8%",2020-03-01,42.0
3,Kotlebovci - ĽS Naše Slovensko,"9,2%","7,1% - 11,3%",2020-03-01,42.0
4,Progresívne Slovensko/SPOLU,"7,6%","5,7% - 9,5%",2020-03-01,42.0
5,SaS,"6,8%","5,0% - 8,6%",2020-03-01,42.0
6,KDH,"4,5%","3,0% - 6,0%",2020-03-01,42.0
7,ZA ĽUDÍ,"3,2%","1,9% - 4,5%",2020-03-01,42.0
8,SMK-MKP $^{3}$,"2,8%","1,6% - 4,0%",2020-03-01,42.0
9,VLASŤ,"2,3%","1,2% - 3,4%",2020-03-01,42.0
10,MOST - HÍD,"1,8%","0,8% - 2,7%",2020-03-01,42.0
11,SNS,"1,6%","0,7% - 2,5%",2020-03-01,42.0
12,DOBRÁ VOĽBA,"1,1%","0,3% - 1,8%",2020-03-01,42.0
13,iná strana 4,"1,4%",-,2020-03-01,42.0
0,SMER-SD,"35,3%","31,7% - 38,9%",2015-06-01,9.0
1,SIEŤ,"10,9%","8,6% - 13,3%",2015-06-01,9.0
2,KDH,"9,5%","7,2% - 11,7%",2015-06-01,9.0
3,MOST-HÍD,"7,8%","5,8% - 9,9%",2015-06-01,9.0
4,OĽaNO,"7,7%","5,7% - 9,7%",2015-06-01,9.0
5,SNS,"6,4%","4,5% - 8,2%",2015-06-01,9.0
6,SaS,"4,6%","3,0% - 6,2%",2015-06-01,9.0
7,SMK,"4,3%","2,8% - 5,8%",2015-06-01,9.0
8,TIP,"2,7%",-,2015-06-01,9.0
9,NOVA,"2,5%",-,2015-06-01,9.0
10,SDKÚ-DS,"2,4%",-,2015-06-01,9.0
11,ĽS NS,"1,2%",-,2015-06-01,9.0
12,SKOK,"1,0%",-,2015-06-01,9.0
13,KSS,"1,0%",-,2015-06-01,9.0
14,Šanca,"0,7%",-,2015-06-01,9.0
15,Strana zelených,"0,7%",-,2015-06-01,9.0
16,Národ a Spravodlivosť,"0,6%",,2015-06-01,9.0
17,iná strana,"0,7%",-,2015-06-01,9.0
0,HLAS - SD,"19,1%","16,2%  -  22,0%",2020-11-01,34.0
1,OĽANO -NOVA- KÚ $_{-ZMENA ZDOLA}$,"14,0%","11,4% - 16,6%",2020-11-01,34.0
2,$_{SaS}$,"12,1%","9,7% - 14,5%",2020-11-01,34.0
3,Kotlebovci  $_{- ĽS Naše Slovensko}$,"9,6%","7,4% - 11,8%",2020-11-01,34.0
4,$_{SMER - SD}$,"9,5%","7,3% - 11,7%",2020-11-01,34.0
5,$_{SME RODINA}$,"6,1%","4,3% - 7,9%",2020-11-01,34.0
6,$_{Progresívne Slovensko}$,"5,9%","4,2% - 7,7%",2020-11-01,34.0
7,$_{KDH}$,"5,1%","3,4% - 6,7%",2020-11-01,34.0
8,$_{ZA ĽUDÍ}$,"4,1%","2,6% - 5,6%",2020-11-01,34.0
9,$_{SMK-MKP}$,"3,3%","2,0% - 4,6%",2020-11-01,34.0
10,DOBRÁ VOĽBA,"2,8%","1,6% - 4,1%",2020-11-01,34.0
11,$_{VLASŤ}$,"2,4%","1,3% - 3,5%",2020-11-01,34.0
12,$_{SNS}$,"2,2%","1,1% - 3,3%",2020-11-01,34.0
13,MOST -  $_{HÍD}$,"2,1%","1,0% - 3,2%",2020-11-01,34.0
14,SPOLU občianska demokracia,"1,0%","0,3% - 1,8%",2020-11-01,34.0
15,iná strana 3,"0,7%",-,2020-11-01,34.0
