"political_party","election_date","election_result",1,2,3,4,5,6,7,8,9,10,11,12
"smer_sd","2023-09-30",22.94,17.7,17.6,14.6,16.6,15.6,15.3,14.4,15.6,16.3,15.0,15.0,15.5
"sdku_ds","2023-09-30",0.02,0.0,0.0,0.0,0.0,0.0,0.0,0.0,0.0,0.0,0.0,0.0,0.0
"sas","2023-09-30",6.32,5.2,5.1,5.3,5.6,8.1,8.2,9.6,12.0,11.1,11.5,11.5,12.2
"ds","2023-09-30",0.0,0.0,0.0,0.0,0.0,0.0,0.0,0.0,0.0,0.0,0.0,0.0,0.0
"sho","2023-09-30",0.04,0.0,0.0,0.0,0.0,0.0,0.0,0.0,0.0,0.0,0.0,0.0,0.0
"socialisti","2023-09-30",0.0,0.0,0.0,0.0,0.0,0.0,0.0,0.0,0.0,0.0,0.0,0.0,0.0
"starostovia_a_nezavisli_kandidati","2023-09-30",0.0,0.0,0.0,0.0,0.0,0.0,0.0,0.0,0.0,0.0,0.0,0.0,0.0
"mame_toho_dost","2023-09-30",0.0,0.0,0.0,0.0,0.0,0.0,0.0,0.0,0.0,0.0,0.0,0.0,0.0
"solidarita","2023-09-30",0.0,0.0,0.0,0.0,0.0,0.0,0.0,0.0,0.0,0.0,0.0,0.0,0.0
"99_obciansky_hlas","2023-09-30",0.04,0.0,0.0,0.0,0.0,0.0,0.0,0.0,0.0,0.0,0.0,0.0,0.0
"slovenska_liga","2023-09-30",0.0,0.0,0.0,0.0,0.0,0.0,0.0,0.0,0.0,0.0,0.0,0.0,0.0
"hlas_pravice","2023-09-30",0.0,0.0,0.0,0.0,0.0,0.0,0.0,0.0,0.0,0.0,0.0,0.0,0.0
"hlas_ludu","2023-09-30",0.0,0.0,0.0,0.0,0.0,0.0,0.0,0.0,0.0,0.0,0.0,0.0,0.0
"praca_slovenskeho_naroda","2023-09-30",0.0,0.0,0.0,0.0,0.0,0.0,0.0,0.0,0.0,0.0,0.0,0.0,0.0
"srk","2023-09-30",0.0,0.0,0.0,0.0,0.0,0.0,0.0,0.0,0.0,0.0,0.0,0.0,0.0
"eds","2023-09-30",0.0,0.0,0.0,0.0,0.0,0.0,0.0,0.0,0.0,0.0,0.0,0.0,0.0
"NA","2023-09-30",0.0,0.0,0.0,0.0,0.0,0.0,0.0,0.0,0.0,0.0,0.0,0.0,0.0
"azen","2023-09-30",0.0,0.0,0.0,0.0,0.0,0.0,0.0,0.0,0.0,0.0,0.0,0.0,0.0
"kdh","2023-09-30",6.82,6.0,5.8,6.9,5.9,6.9,6.2,6.7,6.0,5.8,6.1,6.1,6.1
"zrs","2023-09-30",0.0,0.0,0.0,0.0,0.0,0.0,0.0,0.0,0.0,0.0,0.0,0.0,0.0
"sns","2023-09-30",5.62,4.0,3.4,3.6,3.4,3.8,3.9,4.0,3.8,3.9,3.6,3.6,3.3
"smk","2023-09-30",0.0,0.0,0.0,0.0,0.0,0.0,0.0,0.0,0.0,0.0,0.0,0.0,0.0
"dobra_volba","2023-09-30",0.0,1.1,1.4,1.4,1.1,1.5,1.5,1.2,1.1,1.0,2.1,2.1,2.2
"most_hid","2023-09-30",0.26,0.0,0.0,0.0,0.0,0.0,0.0,0.0,0.0,0.0,0.0,0.0,0.0
"sme_rodina","2023-09-30",2.21,6.1,7.7,7.7,8.2,6.6,7.0,7.6,6.3,6.1,6.1,6.1,6.3
"za_ludi","2023-09-30",0.0,1.0,1.2,1.0,2.2,2.0,2.4,2.1,2.7,3.0,2.1,2.1,2.8
"progresivne_slovensko","2023-09-30",17.96,13.1,12.1,11.0,12.8,10.2,9.6,9.1,8.1,8.3,7.7,7.7,6.9
"lsns","2023-09-30",0.84,2.7,2.7,2.9,3.1,3.5,2.9,3.3,3.8,4.3,4.8,4.8,3.8
"olano","2023-09-30",8.89,5.6,4.3,6.4,7.4,7.0,7.2,7.1,7.8,8.0,7.9,7.9,8.4
"nova_demokracia","2023-09-30",0.0,0.0,0.0,0.0,0.0,0.0,0.0,0.0,0.0,0.0,0.0,0.0,0.0
"kapurkova","2023-09-30",0.0,0.0,0.0,0.0,0.0,0.0,0.0,0.0,0.0,0.0,0.0,0.0,0.0
"unia","2023-09-30",0.0,0.0,0.0,0.0,0.0,0.0,0.0,0.0,0.0,0.0,0.0,0.0,0.0
"kss","2023-09-30",0.33,0.0,0.0,0.0,0.0,0.0,0.0,0.0,0.0,0.0,0.0,0.0,0.0
"sdl","2023-09-30",0.0,0.0,0.0,0.0,0.0,0.0,0.0,0.0,0.0,0.0,0.0,0.0,0.0
"hzds","2023-09-30",0.0,0.0,0.0,0.0,0.0,0.0,0.0,0.0,0.0,0.0,0.0,0.0,0.0
"sss","2023-09-30",0.0,0.0,0.0,0.0,0.0,0.0,0.0,0.0,0.0,0.0,0.0,0.0,0.0
"zeleni","2023-09-30",0.0,0.0,0.0,0.0,0.0,0.0,0.0,0.0,0.0,0.0,0.0,0.0,0.0
"narod_a_spravodlivost","2023-09-30",0.0,0.0,0.0,0.0,0.0,0.0,0.0,0.0,0.0,0.0,0.0,0.0,0.0
"pravo_a_spravodlivost","2023-09-30",0.0,0.0,0.0,0.0,0.0,0.0,0.0,0.0,0.0,0.0,0.0,0.0,0.0
"nas_kraj","2023-09-30",0.31,0.0,0.0,0.0,0.0,0.0,0.0,0.0,0.0,0.0,0.0,0.0,0.0
"robime_to_pre_deti","2023-09-30",0.0,0.0,0.0,0.0,0.0,0.0,0.0,0.0,0.0,0.0,0.0,0.0,0.0
"strana_zivnostnikov","2023-09-30",0.0,0.0,0.0,0.0,0.0,0.0,0.0,0.0,0.0,0.0,0.0,0.0,0.0
"strana_zelenych","2023-09-30",0.0,0.0,0.0,0.0,0.0,0.0,0.0,0.0,0.0,0.0,0.0,0.0,0.0
"strana_obcanov_slovenska","2023-09-30",0.0,0.0,0.0,0.0,0.0,0.0,0.0,0.0,0.0,0.0,0.0,0.0,0.0
"zmena_zdola","2023-09-30",0.0,0.0,0.0,0.0,0.0,0.0,0.0,0.0,0.0,0.0,0.0,0.0,0.0
"strana_1_hlas","2023-09-30",0.0,0.0,0.0,0.0,0.0,0.0,0.0,0.0,0.0,0.0,0.0,0.0,0.0
"vlast","2023-09-30",0.0,0.0,0.0,0.0,0.0,0.0,0.0,0.0,0.0,0.0,0.0,0.0,0.0
"madarske_forum","2023-09-30",0.11,1.7,1.5,1.9,1.1,1.5,1.7,1.8,1.2,0.7,0.0,0.0,0.0
"priama_demokracia","2023-09-30",0.0,0.0,0.0,0.0,0.0,0.0,0.0,0.0,0.0,0.0,0.0,0.0,0.0
"szs","2023-09-30",0.0,0.0,0.0,0.0,0.0,0.0,0.0,0.0,0.0,0.0,0.0,0.0,0.0
"tip","2023-09-30",0.0,0.0,0.0,0.0,0.0,0.0,0.0,0.0,0.0,0.0,0.0,0.0,0.0
"skok","2023-09-30",0.09,0.0,0.0,0.0,0.0,0.0,0.0,0.0,0.0,0.0,0.0,0.0,0.0
"sanca","2023-09-30",0.0,0.0,0.0,0.0,0.0,0.0,0.0,0.0,0.0,0.0,0.0,0.0,0.0
"siet","2023-09-30",0.0,0.0,0.0,0.0,0.0,0.0,0.0,0.0,0.0,0.0,0.0,0.0,0.0
"mkda","2023-09-30",0.0,0.0,0.0,0.0,0.0,0.0,0.0,0.0,0.0,0.0,0.0,0.0,0.0
"sms","2023-09-30",0.0,0.0,0.0,0.0,0.0,0.0,0.0,0.0,0.0,0.0,0.0,0.0,0.0
"vzdor","2023-09-30",0.0,0.0,0.0,0.0,0.0,0.0,0.0,0.0,0.0,0.0,0.0,0.0,0.0
"odvaha","2023-09-30",0.0,0.0,0.0,0.0,0.0,0.0,0.0,0.0,0.0,0.0,0.0,0.0,0.0
"spolocne_za_slovensko","2023-09-30",0.0,0.0,0.0,0.0,0.0,0.0,0.0,0.0,0.0,0.0,0.0,0.0,0.0
"narodna_koalicia","2023-09-30",0.0,0.0,0.0,0.0,0.0,0.0,0.0,0.0,0.0,0.0,0.0,0.0,0.0
"ina_strana","2023-09-30",0.0,1.1,0.8,1.5,1.3,0.4,0.7,0.7,0.7,0.8,1.7,1.7,1.4
"oks","2023-09-30",0.0,0.0,0.0,0.0,0.0,0.0,0.0,0.0,0.0,0.0,0.0,0.0,0.0
"liga","2023-09-30",0.0,0.0,0.0,0.0,0.0,0.0,0.0,0.0,0.0,0.0,0.0,0.0,0.0
"kds","2023-09-30",0.0,0.0,0.0,0.0,0.0,0.0,0.0,0.0,0.0,0.0,0.0,0.0,0.0
"hzd","2023-09-30",0.0,0.0,0.0,0.0,0.0,0.0,0.0,0.0,0.0,0.0,0.0,0.0,0.0
"slobodne_forum","2023-09-30",0.0,0.0,0.0,0.0,0.0,0.0,0.0,0.0,0.0,0.0,0.0,0.0,0.0
"sz","2023-09-30",0.0,0.0,0.0,0.0,0.0,0.0,0.0,0.0,0.0,0.0,0.0,0.0,0.0
"republika","2023-09-30",4.75,9.8,9.6,8.5,6.9,7.2,7.8,6.8,7.0,7.8,6.8,6.8,5.5
"hlas_sd","2023-09-30",14.7,17.0,17.1,20.8,19.0,19.4,20.3,20.5,18.5,17.8,19.2,19.2,19.3
"demokrati","2023-09-30",2.93,3.6,5.0,0.0,0.0,0.0,0.0,0.0,0.0,0.0,0.0,0.0,0.0
"nova","2023-09-30",0.0,0.0,0.0,0.0,0.0,0.0,0.0,0.0,0.0,0.0,0.0,0.0,0.0
"modri","2023-09-30",0.0,0.0,0.0,2.0,0.0,0.0,0.0,0.0,0.0,0.0,0.0,0.0,0.0
"kdzp","2023-09-30",0.0,0.0,0.0,0.0,0.0,0.0,0.0,0.0,0.0,0.0,0.0,0.0,0.0
"sks","2023-09-30",0.0,0.0,0.0,0.0,0.0,0.0,0.0,0.0,0.0,0.0,0.0,0.0,0.0
"krestanska_unia","2023-09-30",0.0,0.0,0.0,0.0,0.0,0.0,0.0,0.0,0.0,0.0,0.0,0.0,0.0
"spolu","2023-09-30",0.0,0.0,0.0,0.0,1.0,0.7,0.7,1.0,0.8,0.7,1.0,1.0,1.1
"nova_vacsina","2023-09-30",0.0,0.0,0.0,0.0,0.0,0.0,0.0,0.0,0.0,0.0,0.0,0.0,0.0
"mks","2023-09-30",0.0,0.0,0.0,0.0,0.0,0.0,0.0,0.0,0.0,0.0,0.0,0.0,0.0
"narodna_revolucia","2023-09-30",0.0,0.0,0.0,0.0,0.0,0.0,0.0,0.0,0.0,0.0,0.0,0.0,0.0
"priemyselna_revolucia","2023-09-30",0.0,0.0,0.0,0.0,0.0,0.0,0.0,0.0,0.0,0.0,0.0,0.0,0.0
"madarska_aliancia","2023-09-30",4.38,4.3,4.7,4.5,4.4,5.6,4.6,4.1,4.6,4.4,4.4,4.4,5.2
"smer_sd","2020-02-29",18.29,17.0,18.7,19.6,20.0,22.0,21.7,20.8,19.7,19.7,19.0,22.4,21.2
"sdku_ds","2020-02-29",0.0,0.0,0.0,0.0,0.0,0.0,0.0,0.0,0.4,0.4,0.4,0.4,0.2
"sas","2020-02-29",6.22,5.3,5.4,5.7,5.0,5.2,6.4,7.9,8.0,8.0,10.1,11.4,11.2
"ds","2020-02-29",0.0,0.5,0.2,0.2,0.0,0.0,0.0,0.0,0.1,0.1,0.1,0.3,0.1
"sho","2020-02-29",0.06,0.4,0.1,0.2,0.0,0.0,0.0,0.0,0.0,0.0,0.0,0.0,0.0
"socialisti","2020-02-29",0.55,0.3,0.5,0.8,0.0,0.0,0.0,0.0,0.0,0.0,0.0,0.0,0.0
"starostovia_a_nezavisli_kandidati","2020-02-29",0.07,0.3,0.4,0.0,0.0,0.0,0.0,0.0,0.0,0.0,0.0,0.0,0.0
"mame_toho_dost","2020-02-29",0.32,0.1,0.5,0.8,1.0,1.2,0.0,0.0,0.0,0.0,0.0,0.0,0.0
"solidarita","2020-02-29",0.11,0.1,0.0,0.1,0.0,0.0,0.0,0.0,0.0,0.0,0.0,0.0,0.0
"99_obciansky_hlas","2020-02-29",0.0,0.1,0.0,0.1,0.0,0.0,0.0,0.0,0.0,0.0,0.0,0.0,0.0
"slovenska_liga","2020-02-29",0.02,0.0,0.0,0.2,0.0,0.0,0.0,0.0,0.0,0.0,0.0,0.0,0.0
"hlas_pravice","2020-02-29",0.0,0.0,0.0,0.1,0.0,0.0,0.0,0.0,0.0,0.0,0.0,0.0,0.0
"hlas_ludu","2020-02-29",0.28,0.0,0.2,0.1,0.0,0.0,0.0,0.0,0.0,0.0,0.0,0.0,0.0
"praca_slovenskeho_naroda","2020-02-29",0.04,0.0,0.2,0.0,0.0,0.0,0.0,0.0,0.0,0.0,0.0,0.0,0.0
"srk","2020-02-29",0.0,0.0,0.0,0.0,0.0,0.0,0.0,0.0,0.0,0.0,0.0,0.0,0.0
"eds","2020-02-29",0.0,0.0,0.0,0.0,0.0,0.0,0.0,0.0,0.0,0.0,0.0,0.0,0.0
"NA","2020-02-29",0.0,0.0,0.0,0.0,0.0,0.0,0.0,0.0,0.0,0.0,0.0,0.0,0.0
"azen","2020-02-29",0.0,0.0,0.0,0.0,0.0,0.0,0.0,0.0,0.0,0.0,0.0,0.0,0.0
"kdh","2020-02-29",4.65,5.4,6.0,5.7,5.7,6.5,6.9,7.3,7.5,7.5,6.8,7.5,6.5
"zrs","2020-02-29",0.0,0.0,0.0,0.0,0.0,0.0,0.0,0.0,0.0,0.0,0.0,0.0,0.0
"sns","2020-02-29",3.16,4.4,5.1,5.4,6.8,6.9,6.8,7.0,7.2,7.2,7.5,7.9,7.5
"smk","2020-02-29",0.0,0.0,0.0,0.0,3.5,3.2,3.3,3.5,3.7,3.7,3.6,3.0,3.1
"dobra_volba","2020-02-29",3.06,4.0,3.3,3.8,2.9,2.4,2.1,0.0,0.0,0.0,0.0,0.0,0.0
"most_hid","2020-02-29",2.05,4.2,4.0,4.3,4.1,3.8,4.1,4.3,4.4,4.4,4.7,4.5,5.4
"sme_rodina","2020-02-29",8.24,7.8,7.1,7.0,7.0,7.2,7.2,6.6,7.3,7.3,9.4,9.0,9.5
"za_ludi","2020-02-29",5.77,8.2,10.3,9.2,10.6,9.1,6.5,5.5,0.0,0.0,0.0,0.0,0.0
"progresivne_slovensko","2020-02-29",6.96,9.3,10.5,10.3,11.7,11.0,13.3,14.9,17.8,17.8,13.4,9.1,9.5
"lsns","2020-02-29",7.97,12.2,13.6,11.8,10.3,10.2,10.6,11.4,12.5,12.5,10.5,11.8,11.7
"olano","2020-02-29",25.02,13.3,7.7,8.0,5.7,6.0,6.8,6.1,6.7,6.7,9.1,8.3,8.4
"nova_demokracia","2020-02-29",0.0,0.0,0.0,0.0,0.0,0.0,0.0,0.0,0.0,0.0,0.0,0.0,0.0
"kapurkova","2020-02-29",0.0,0.0,0.0,0.0,0.0,0.0,0.0,0.0,0.0,0.0,0.0,0.0,0.0
"unia","2020-02-29",0.0,0.0,0.0,0.0,0.0,0.0,0.0,0.0,0.0,0.0,0.0,0.0,0.0
"kss","2020-02-29",0.0,0.0,0.0,0.0,0.0,0.0,0.0,0.0,0.4,0.4,1.1,1.2,1.3
"sdl","2020-02-29",0.0,0.0,0.0,0.0,0.0,0.0,0.0,0.0,0.0,0.0,0.0,0.0,0.0
"hzds","2020-02-29",0.0,0.0,0.0,0.0,0.0,0.0,0.0,0.0,0.0,0.0,0.0,0.0,0.0
"sss","2020-02-29",0.0,0.0,0.0,0.0,0.0,0.0,0.0,0.0,0.0,0.0,0.0,0.0,0.0
"zeleni","2020-02-29",0.0,0.0,0.0,0.0,0.0,0.0,0.0,0.0,0.0,0.0,0.0,0.0,0.0
"narod_a_spravodlivost","2020-02-29",0.0,0.0,0.0,0.0,0.0,0.0,0.0,0.0,0.0,0.0,0.0,0.0,0.0
"pravo_a_spravodlivost","2020-02-29",0.0,0.0,0.0,0.0,0.0,0.0,0.0,0.0,0.0,0.0,0.0,0.0,0.0
"nas_kraj","2020-02-29",0.0,0.0,0.0,0.0,0.0,0.0,0.0,0.0,0.0,0.0,0.0,0.0,0.0
"robime_to_pre_deti","2020-02-29",0.0,0.0,0.0,0.0,0.0,0.0,0.0,0.0,0.0,0.0,0.0,0.0,0.0
"strana_zivnostnikov","2020-02-29",0.0,0.0,0.0,0.0,0.0,0.0,0.0,0.0,0.0,0.0,0.0,0.0,0.0
"strana_zelenych","2020-02-29",0.0,0.0,0.0,0.0,0.0,0.0,0.0,0.0,0.0,0.0,0.0,0.0,0.0
"strana_obcanov_slovenska","2020-02-29",0.0,0.0,0.0,0.0,0.0,0.0,0.0,0.0,0.0,0.0,0.0,0.0,0.0
"zmena_zdola","2020-02-29",0.0,0.0,0.0,0.0,0.0,0.0,0.0,0.0,0.0,0.0,0.0,0.0,0.0
"strana_1_hlas","2020-02-29",0.0,0.0,0.0,0.0,0.0,0.0,0.0,0.0,0.0,0.0,0.0,0.0,0.0
"vlast","2020-02-29",2.93,3.2,2.3,2.1,3.0,1.8,0.0,0.0,0.0,0.0,0.0,0.0,0.0
"madarske_forum","2020-02-29",0.0,0.0,3.7,0.0,0.0,0.0,0.0,0.0,0.1,0.1,0.0,0.0,0.0
"priama_demokracia","2020-02-29",0.0,0.0,0.0,0.0,0.0,0.0,0.0,0.0,0.4,0.4,0.2,0.8,0.6
"szs","2020-02-29",0.0,0.0,0.0,0.0,0.0,0.0,1.0,0.0,1.3,1.3,1.6,1.0,1.6
"tip","2020-02-29",0.0,0.0,0.0,0.0,0.0,0.0,0.0,0.0,0.0,0.0,0.0,0.0,0.0
"skok","2020-02-29",0.0,0.0,0.0,0.0,0.0,0.0,0.0,0.0,0.0,0.0,0.2,0.2,0.4
"sanca","2020-02-29",0.0,0.0,0.0,0.0,0.0,0.0,0.0,0.0,0.1,0.1,0.6,0.2,0.7
"siet","2020-02-29",0.0,0.0,0.0,0.0,0.0,0.0,0.0,0.0,0.0,0.0,0.0,0.0,0.0
"mkda","2020-02-29",0.0,0.0,0.0,0.0,0.0,0.0,0.0,0.0,0.1,0.1,0.2,0.0,0.1
"sms","2020-02-29",0.0,0.0,0.0,0.0,0.0,0.0,0.0,0.0,0.1,0.1,0.2,0.2,0.2
"vzdor","2020-02-29",0.0,0.0,0.0,0.0,0.0,0.0,0.0,0.0,0.1,0.1,0.4,0.3,0.2
"odvaha","2020-02-29",0.0,0.0,0.0,0.0,0.0,0.0,0.0,0.0,0.0,0.0,0.0,0.0,0.0
"spolocne_za_slovensko","2020-02-29",0.0,0.0,0.0,0.0,0.0,0.0,0.0,0.0,0.0,0.0,0.0,0.0,0.0
"narodna_koalicia","2020-02-29",0.0,0.0,0.0,0.0,0.0,0.0,0.0,0.0,0.1,0.1,0.0,0.0,0.0
"ina_strana","2020-02-29",0.0,0.0,0.0,0.0,2.7,3.5,3.3,4.7,0.3,0.3,0.4,0.3,0.4
"oks","2020-02-29",0.0,0.0,0.0,0.0,0.0,0.0,0.0,0.0,0.0,0.0,0.0,0.0,0.0
"liga","2020-02-29",0.0,0.0,0.0,0.0,0.0,0.0,0.0,0.0,0.0,0.0,0.0,0.0,0.0
"kds","2020-02-29",0.0,0.0,0.0,0.0,0.0,0.0,0.0,0.0,0.0,0.0,0.0,0.0,0.0
"hzd","2020-02-29",0.0,0.0,0.0,0.0,0.0,0.0,0.0,0.0,0.0,0.0,0.0,0.0,0.0
"slobodne_forum","2020-02-29",0.0,0.0,0.0,0.0,0.0,0.0,0.0,0.0,0.0,0.0,0.0,0.0,0.0
"sz","2020-02-29",0.0,0.0,0.0,0.0,0.0,0.0,0.0,0.0,0.0,0.0,0.0,0.0,0.0
"republika","2020-02-29",0.06,0.0,0.0,0.0,0.0,0.0,0.0,0.0,0.0,0.0,0.0,0.0,0.0
"hlas_sd","2020-02-29",0.0,0.0,0.0,0.0,0.0,0.0,0.0,0.0,0.0,0.0,0.0,0.0,0.0
"demokrati","2020-02-29",0.0,0.0,0.0,0.0,0.0,0.0,0.0,0.0,0.0,0.0,0.0,0.0,0.0
"nova","2020-02-29",0.0,0.0,0.0,0.0,0.0,0.0,0.0,0.0,0.0,0.0,0.0,0.0,0.0
"modri","2020-02-29",0.0,0.0,0.0,0.0,0.0,0.0,0.0,0.0,0.0,0.0,0.0,0.0,0.0
"kdzp","2020-02-29",0.0,0.0,0.0,0.0,0.0,0.0,0.0,0.0,0.3,0.3,0.0,0.0,0.0
"sks","2020-02-29",0.0,0.0,0.0,0.0,0.0,0.0,0.0,0.0,0.0,0.0,0.5,0.2,0.2
"krestanska_unia","2020-02-29",0.0,0.0,0.0,0.0,0.0,0.0,0.0,0.0,1.4,1.4,0.0,0.0,0.0
"spolu","2020-02-29",0.0,0.0,0.0,0.0,0.0,0.0,0.0,0.0,0.0,0.0,0.0,0.0,0.0
"nova_vacsina","2020-02-29",0.0,0.0,0.0,0.0,0.0,0.0,0.0,0.0,0.0,0.0,0.0,0.0,0.0
"mks","2020-02-29",0.0,0.0,0.0,0.0,0.0,0.0,0.0,0.0,0.0,0.0,0.0,0.0,0.0
"narodna_revolucia","2020-02-29",0.0,0.0,0.0,0.0,0.0,0.0,0.0,0.0,0.0,0.0,0.0,0.0,0.0
"priemyselna_revolucia","2020-02-29",0.0,0.0,0.0,0.0,0.0,0.0,0.0,0.0,0.0,0.0,0.0,0.0,0.0
"madarska_aliancia","2020-02-29",3.9,3.9,0.0,4.3,0.0,0.0,0.0,0.0,0.0,0.0,0.0,0.0,0.0
"smer_sd","2016-03-05",28.28,34.6,27.9,38.4,39.0,39.1,37.7,34.6,35.3,33.2,37.4,22.4,35.5
"sdku_ds","2016-03-05",0.26,1.0,0.7,2.5,3.0,2.8,2.2,2.2,2.4,2.3,3.2,0.4,2.8
"sas","2016-03-05",12.1,5.5,13.2,5.3,5.2,5.2,5.4,5.1,4.6,5.0,5.3,11.4,4.4
"ds","2016-03-05",0.07,0.1,0.2,0.0,0.0,0.0,0.0,0.0,0.0,0.0,0.0,0.3,0.0
"sho","2016-03-05",0.0,0.0,0.0,0.0,0.0,0.0,0.0,0.0,0.0,0.0,0.0,0.0,0.0
"socialisti","2016-03-05",0.0,0.0,0.0,0.0,0.0,0.0,0.0,0.0,0.0,0.0,0.0,0.0,0.0
"starostovia_a_nezavisli_kandidati","2016-03-05",0.0,0.0,0.0,0.0,0.0,0.0,0.0,0.0,0.0,0.0,0.0,0.0,0.0
"mame_toho_dost","2016-03-05",0.0,0.0,0.0,0.0,0.0,0.0,0.0,0.0,0.0,0.0,0.0,0.0,0.0
"solidarita","2016-03-05",0.0,0.0,0.0,0.0,0.0,0.0,0.0,0.0,0.0,0.0,0.0,0.0,0.0
"99_obciansky_hlas","2016-03-05",0.0,0.0,0.0,0.0,0.0,0.0,0.0,0.0,0.0,0.0,0.0,0.0,0.0
"slovenska_liga","2016-03-05",0.0,0.0,0.0,0.0,0.0,0.0,0.0,0.0,0.0,0.0,0.0,0.0,0.0
"hlas_pravice","2016-03-05",0.0,0.0,0.0,0.0,0.0,0.0,0.0,0.0,0.0,0.0,0.0,0.0,0.0
"hlas_ludu","2016-03-05",0.0,0.0,0.0,0.0,0.0,0.0,0.0,0.0,0.0,0.0,0.0,0.0,0.0
"praca_slovenskeho_naroda","2016-03-05",0.0,0.0,0.0,0.0,0.0,0.0,0.0,0.0,0.0,0.0,0.0,0.0,0.0
"srk","2016-03-05",0.0,0.0,0.0,0.0,0.0,0.0,0.0,0.0,0.0,0.0,0.0,0.0,0.0
"eds","2016-03-05",0.0,0.0,0.0,0.0,0.0,0.0,0.0,0.0,0.0,0.0,0.0,0.0,0.0
"NA","2016-03-05",0.0,0.0,0.0,0.0,0.0,0.0,0.0,0.0,0.0,0.0,0.0,0.0,0.0
"azen","2016-03-05",0.0,0.0,0.0,0.0,0.0,0.0,0.0,0.0,0.0,0.0,0.0,0.0,0.0
"kdh","2016-03-05",4.94,7.0,5.3,7.4,7.7,7.1,8.2,8.8,9.5,9.4,9.9,7.5,10.9
"zrs","2016-03-05",0.0,0.0,0.0,0.0,0.0,0.0,0.0,0.0,0.0,0.0,0.0,0.0,0.0
"sns","2016-03-05",8.64,8.7,10.1,6.3,6.0,6.1,6.4,7.0,6.4,7.3,5.7,7.9,5.7
"smk","2016-03-05",4.04,3.5,3.4,4.2,4.1,4.2,4.1,4.2,4.3,5.4,4.0,3.0,4.6
"dobra_volba","2016-03-05",0.0,0.0,0.0,0.0,0.0,0.0,0.0,0.0,0.0,0.0,0.0,0.0,0.0
"most_hid","2016-03-05",6.5,8.2,6.4,6.6,7.0,7.3,7.1,7.5,7.8,7.4,7.2,4.5,7.0
"sme_rodina","2016-03-05",6.62,4.2,7.4,1.1,0.0,0.0,0.0,0.0,0.0,0.0,0.0,9.0,0.0
"za_ludi","2016-03-05",0.0,0.0,0.0,0.0,0.0,0.0,0.0,0.0,0.0,0.0,0.0,0.0,0.0
"progresivne_slovensko","2016-03-05",0.0,0.0,0.0,0.0,0.0,0.0,0.0,0.0,0.0,0.0,0.0,9.1,0.0
"lsns","2016-03-05",8.04,2.1,10.2,1.9,1.4,1.0,2.2,2.2,1.2,0.7,0.0,11.8,1.5
"olano","2016-03-05",11.02,6.1,10.2,6.4,6.6,6.7,8.0,8.1,7.7,7.8,7.0,8.3,6.0
"nova_demokracia","2016-03-05",0.0,0.0,0.0,0.0,0.0,0.0,0.0,0.0,0.0,0.0,0.0,0.0,0.0
"kapurkova","2016-03-05",0.0,0.0,0.0,0.0,0.0,0.0,0.0,0.0,0.0,0.0,0.0,0.0,0.0
"unia","2016-03-05",0.0,0.0,0.0,0.0,0.0,0.0,0.0,0.0,0.0,0.0,0.0,0.0,0.0
"kss","2016-03-05",0.62,0.7,1.2,1.5,1.3,0.8,0.7,1.7,1.0,2.1,1.4,1.2,1.2
"sdl","2016-03-05",0.0,0.0,0.0,0.0,0.0,0.0,0.0,0.0,0.0,0.0,0.0,0.0,0.0
"hzds","2016-03-05",0.0,0.0,0.0,0.0,0.0,0.0,0.0,0.0,0.0,0.0,0.0,0.0,0.0
"sss","2016-03-05",0.0,0.0,0.0,0.0,0.0,0.0,0.0,0.0,0.0,0.0,0.0,0.0,0.0
"zeleni","2016-03-05",0.0,0.0,0.0,0.0,0.0,0.0,0.0,0.0,0.0,0.0,0.0,0.0,0.0
"narod_a_spravodlivost","2016-03-05",0.0,0.0,0.0,0.0,0.0,0.0,0.0,0.3,0.6,0.0,0.0,0.0,1.3
"pravo_a_spravodlivost","2016-03-05",0.0,0.0,0.0,0.0,0.0,0.0,0.0,0.0,0.0,0.0,0.0,0.0,0.0
"nas_kraj","2016-03-05",0.0,0.0,0.0,0.0,0.0,0.0,0.0,0.0,0.0,0.0,0.0,0.0,0.0
"robime_to_pre_deti","2016-03-05",0.0,0.0,0.0,0.0,0.0,0.0,0.0,0.0,0.0,0.0,0.0,0.0,0.0
"strana_zivnostnikov","2016-03-05",0.0,0.0,0.0,0.0,0.0,0.0,0.0,0.0,0.0,0.0,0.0,0.0,0.0
"strana_zelenych","2016-03-05",0.67,0.0,0.0,0.7,0.7,0.6,0.7,0.9,0.7,1.1,1.3,0.0,0.9
"strana_obcanov_slovenska","2016-03-05",0.0,0.0,0.0,0.0,0.0,0.0,0.0,0.0,0.0,0.0,0.0,0.0,0.0
"zmena_zdola","2016-03-05",0.0,0.0,0.0,0.0,0.0,0.0,0.0,0.0,0.0,0.0,0.0,0.0,0.4
"strana_1_hlas","2016-03-05",0.0,0.0,0.0,0.0,0.0,0.0,0.0,0.0,0.0,0.0,0.0,0.0,0.0
"vlast","2016-03-05",0.0,0.0,0.0,0.0,0.0,0.0,0.0,0.0,0.0,0.0,0.0,0.0,0.0
"madarske_forum","2016-03-05",0.0,0.0,0.0,0.0,0.0,0.0,0.0,0.0,0.0,0.0,0.0,0.0,0.0
"priama_demokracia","2016-03-05",0.13,0.1,0.3,0.0,0.0,0.0,0.0,0.0,0.0,0.0,0.0,0.8,0.0
"szs","2016-03-05",0.0,0.4,1.4,0.0,0.0,0.0,0.0,0.0,0.0,0.0,0.0,1.0,0.0
"tip","2016-03-05",0.0,0.9,0.0,1.2,1.8,2.0,2.5,2.2,2.7,2.4,2.6,0.0,2.8
"skok","2016-03-05",0.83,1.0,0.3,1.2,1.0,1.7,1.0,1.2,1.0,1.1,0.0,0.2,0.0
"sanca","2016-03-05",0.25,1.6,0.4,1.8,1.4,2.0,1.6,1.6,0.7,0.9,0.0,0.2,0.0
"siet","2016-03-05",5.6,14.0,0.9,13.4,12.9,12.6,11.4,11.9,10.9,10.7,10.9,0.0,11.0
"mkda","2016-03-05",0.0,0.1,0.0,0.0,0.0,0.0,0.0,0.0,0.0,0.0,0.0,0.0,0.0
"sms","2016-03-05",0.17,0.1,0.2,0.0,0.0,0.0,0.0,0.0,0.0,0.0,0.0,0.2,0.0
"vzdor","2016-03-05",0.12,0.1,0.3,0.0,0.0,0.0,0.0,0.0,0.0,0.0,0.0,0.3,0.0
"odvaha","2016-03-05",0.13,0.0,0.0,0.0,0.0,0.0,0.0,0.0,0.0,0.0,0.0,0.0,0.0
"spolocne_za_slovensko","2016-03-05",0.0,0.0,0.0,0.0,0.0,0.0,0.0,0.0,0.0,0.0,0.0,0.0,0.0
"narodna_koalicia","2016-03-05",0.0,0.0,0.0,0.0,0.0,0.3,0.3,0.0,0.0,0.0,0.0,0.0,0.0
"ina_strana","2016-03-05",0.0,0.0,0.0,0.1,0.9,0.5,0.5,0.5,0.7,0.8,1.8,0.3,0.7
"oks","2016-03-05",0.0,0.0,0.0,0.0,0.0,0.0,0.0,0.0,0.0,0.0,0.0,0.0,0.0
"liga","2016-03-05",0.0,0.0,0.0,0.0,0.0,0.0,0.0,0.0,0.0,0.0,0.0,0.0,0.0
"kds","2016-03-05",0.0,0.0,0.0,0.0,0.0,0.0,0.0,0.0,0.0,0.0,0.0,0.0,0.0
"hzd","2016-03-05",0.0,0.0,0.0,0.0,0.0,0.0,0.0,0.0,0.0,0.0,0.0,0.0,0.0
"slobodne_forum","2016-03-05",0.0,0.0,0.0,0.0,0.0,0.0,0.0,0.0,0.0,0.0,0.0,0.0,0.0
"sz","2016-03-05",0.0,0.0,0.0,0.0,0.0,0.0,0.0,0.0,0.0,0.0,0.0,0.0,0.0
"republika","2016-03-05",0.0,0.0,0.0,0.0,0.0,0.0,0.0,0.0,0.0,0.0,0.0,0.0,0.0
"hlas_sd","2016-03-05",0.0,0.0,0.0,0.0,0.0,0.0,0.0,0.0,0.0,0.0,0.0,0.0,0.0
"demokrati","2016-03-05",0.0,0.0,0.0,0.0,0.0,0.0,0.0,0.0,0.0,0.0,0.0,0.0,0.0
"nova","2016-03-05",0.0,0.0,0.0,0.0,0.0,0.0,0.0,0.0,2.5,2.4,2.3,0.0,3.3
"modri","2016-03-05",0.0,0.0,0.0,0.0,0.0,0.0,0.0,0.0,0.0,0.0,0.0,0.0,0.0
"kdzp","2016-03-05",0.0,0.0,0.0,0.0,0.0,0.0,0.0,0.0,0.0,0.0,0.0,0.0,0.0
"sks","2016-03-05",0.0,0.0,0.0,0.0,0.0,0.0,0.0,0.0,0.0,0.0,0.0,0.2,0.0
"krestanska_unia","2016-03-05",0.0,0.0,0.0,0.0,0.0,0.0,0.0,0.0,0.0,0.0,0.0,0.0,0.0
"spolu","2016-03-05",0.0,0.0,0.0,0.0,0.0,0.0,0.0,0.0,0.0,0.0,0.0,0.0,0.0
"nova_vacsina","2016-03-05",0.0,0.0,0.0,0.0,0.0,0.0,0.0,0.0,0.0,0.0,0.0,0.0,0.0
"mks","2016-03-05",0.0,0.0,0.0,0.0,0.0,0.0,0.0,0.0,0.0,0.0,0.0,0.0,0.0
"narodna_revolucia","2016-03-05",0.0,0.0,0.0,0.0,0.0,0.0,0.0,0.0,0.0,0.0,0.0,0.0,0.0
"priemyselna_revolucia","2016-03-05",0.0,0.0,0.0,0.0,0.0,0.0,0.0,0.0,0.0,0.0,0.0,0.0,0.0
"madarska_aliancia","2016-03-05",0.09,0.0,0.0,0.0,0.0,0.0,0.0,0.0,0.0,0.0,0.0,0.0,0.0
"smer_sd","2012-03-10",44.41,41.8,37.3,41.8,43.9,45.2,45.2,43.1,41.7,46.3,47.1,44.8,43.2
"sdku_ds","2012-03-10",6.09,8.3,6.1,8.3,10.2,11.3,11.3,12.8,12.6,13.4,12.2,16.5,15.2
"sas","2012-03-10",5.88,6.4,5.9,6.4,5.6,7.5,7.5,8.0,6.1,6.7,5.2,7.1,9.1
"ds","2012-03-10",0.0,0.0,0.0,0.0,0.0,0.0,0.0,0.0,0.0,0.0,0.0,0.0,0.0
"sho","2012-03-10",0.0,0.0,0.0,0.0,0.0,0.0,0.0,0.0,0.0,0.0,0.0,0.0,0.0
"socialisti","2012-03-10",0.0,0.0,0.0,0.0,0.0,0.0,0.0,0.0,0.0,0.0,0.0,0.0,0.0
"starostovia_a_nezavisli_kandidati","2012-03-10",0.0,0.0,0.0,0.0,0.0,0.0,0.0,0.0,0.0,0.0,0.0,0.0,0.0
"mame_toho_dost","2012-03-10",0.0,0.0,0.0,0.0,0.0,0.0,0.0,0.0,0.0,0.0,0.0,0.0,0.0
"solidarita","2012-03-10",0.0,0.0,0.0,0.0,0.0,0.0,0.0,0.0,0.0,0.0,0.0,0.0,0.0
"99_obciansky_hlas","2012-03-10",1.58,4.6,6.9,4.6,0.0,0.0,0.0,0.0,0.0,0.0,0.0,0.0,0.0
"slovenska_liga","2012-03-10",0.0,0.0,0.0,0.0,0.0,0.0,0.0,0.0,0.0,0.0,0.0,0.0,0.0
"hlas_pravice","2012-03-10",0.0,0.0,0.0,0.0,0.0,0.0,0.0,0.0,0.0,0.0,0.0,0.0,0.0
"hlas_ludu","2012-03-10",0.0,0.0,0.0,0.0,0.0,0.0,0.0,0.0,0.0,0.0,0.0,0.0,0.0
"praca_slovenskeho_naroda","2012-03-10",0.0,0.0,0.0,0.0,0.0,0.0,0.0,0.0,0.0,0.0,0.0,0.0,0.0
"srk","2012-03-10",0.0,0.7,0.2,0.7,0.0,0.0,0.0,0.0,0.0,0.0,0.0,0.0,0.0
"eds","2012-03-10",0.0,0.0,0.0,0.0,0.0,0.0,0.0,0.0,0.0,0.0,0.0,0.0,0.0
"NA","2012-03-10",0.0,0.0,0.0,0.0,0.0,0.0,0.0,0.0,0.0,0.0,0.0,0.0,0.0
"azen","2012-03-10",0.0,0.0,0.0,0.0,0.0,0.0,0.0,0.0,0.0,0.0,0.0,0.0,0.0
"kdh","2012-03-10",8.82,9.3,10.3,9.3,10.0,9.9,9.9,9.0,11.7,10.0,9.5,6.3,10.2
"zrs","2012-03-10",0.0,0.0,0.0,0.0,0.0,0.0,0.0,0.0,0.0,0.0,0.0,0.0,0.0
"sns","2012-03-10",4.55,4.8,4.2,4.8,5.6,5.4,5.4,8.5,5.8,5.3,8.1,6.2,5.4
"smk","2012-03-10",4.28,3.4,2.4,3.4,2.8,3.6,3.6,5.3,5.8,5.7,4.7,4.3,4.6
"dobra_volba","2012-03-10",0.0,0.0,0.0,0.0,0.0,0.0,0.0,0.0,0.0,0.0,0.0,0.0,0.0
"most_hid","2012-03-10",6.89,6.4,6.0,6.4,8.3,7.0,7.0,5.9,6.9,7.1,6.1,7.9,6.0
"sme_rodina","2012-03-10",0.0,0.0,0.0,0.0,0.0,0.0,0.0,0.0,0.0,0.0,0.0,0.0,0.0
"za_ludi","2012-03-10",0.0,0.0,0.0,0.0,0.0,0.0,0.0,0.0,0.0,0.0,0.0,0.0,0.0
"progresivne_slovensko","2012-03-10",0.0,0.0,0.0,0.0,0.0,0.0,0.0,0.0,0.0,0.0,0.0,0.0,0.0
"lsns","2012-03-10",1.58,0.5,1.2,0.5,0.4,0.3,0.3,0.5,0.7,0.4,0.4,0.7,0.4
"olano","2012-03-10",8.55,5.2,8.9,5.2,5.8,2.9,2.9,0.0,0.0,0.0,0.0,0.0,0.0
"nova_demokracia","2012-03-10",0.0,0.0,0.0,0.0,0.0,0.0,0.0,0.0,0.0,0.0,0.0,0.0,0.0
"kapurkova","2012-03-10",0.0,0.0,0.0,0.0,0.0,0.0,0.0,0.0,0.0,0.0,0.0,0.0,0.0
"unia","2012-03-10",0.0,0.0,0.0,0.0,0.0,0.0,0.0,0.0,0.0,0.0,0.0,0.0,0.0
"kss","2012-03-10",0.72,1.4,1.0,1.4,1.8,1.1,1.1,1.9,1.7,0.9,1.7,1.9,2.0
"sdl","2012-03-10",0.18,0.6,0.1,0.6,0.5,0.8,0.8,0.8,2.2,0.3,1.0,0.6,1.0
"hzds","2012-03-10",0.93,1.5,1.8,1.5,2.1,2.5,2.5,3.0,3.3,2.7,3.4,2.4,2.2
"sss","2012-03-10",1.22,1.6,3.5,1.6,0.0,0.0,0.0,0.0,0.0,0.0,0.0,0.0,0.0
"zeleni","2012-03-10",0.3,0.5,0.8,0.5,0.0,0.0,0.0,0.0,0.0,0.0,0.0,0.0,0.0
"narod_a_spravodlivost","2012-03-10",0.0,0.4,0.9,0.4,1.2,0.6,0.6,0.0,0.0,0.0,0.0,0.0,0.0
"pravo_a_spravodlivost","2012-03-10",0.41,0.4,0.4,0.4,0.0,0.0,0.0,0.0,0.0,0.0,0.0,0.0,0.0
"nas_kraj","2012-03-10",0.19,0.4,0.5,0.4,0.0,0.0,0.0,0.0,0.0,0.0,0.0,0.0,0.0
"robime_to_pre_deti","2012-03-10",0.0,0.4,0.1,0.4,0.0,0.0,0.0,0.0,0.0,0.0,0.0,0.0,0.0
"strana_zivnostnikov","2012-03-10",0.0,0.4,0.0,0.4,0.0,0.0,0.0,0.0,0.0,0.0,0.0,0.0,0.0
"strana_zelenych","2012-03-10",0.0,0.4,0.1,0.4,0.7,0.8,0.8,0.8,0.6,0.4,0.4,0.7,0.7
"strana_obcanov_slovenska","2012-03-10",0.0,0.4,0.6,0.4,0.0,0.0,0.0,0.0,0.0,0.0,0.0,0.0,0.0
"zmena_zdola","2012-03-10",1.29,0.1,0.7,0.1,0.0,0.0,0.0,0.0,0.0,0.0,0.0,0.0,0.0
"strana_1_hlas","2012-03-10",0.0,0.0,0.0,0.0,0.0,0.0,0.0,0.0,0.0,0.0,0.0,0.0,0.0
"vlast","2012-03-10",0.0,0.0,0.0,0.0,0.0,0.0,0.0,0.0,0.0,0.0,0.0,0.0,0.0
"madarske_forum","2012-03-10",0.0,0.0,0.0,0.0,0.0,0.0,0.0,0.0,0.0,0.0,0.0,0.0,0.0
"priama_demokracia","2012-03-10",0.0,0.0,0.0,0.0,0.0,0.0,0.0,0.0,0.0,0.0,0.0,0.0,0.0
"szs","2012-03-10",0.15,0.0,0.0,0.0,0.0,0.0,0.0,0.0,0.0,0.0,0.0,0.0,0.0
"tip","2012-03-10",0.0,0.0,0.0,0.0,0.0,0.0,0.0,0.0,0.0,0.0,0.0,0.0,0.0
"skok","2012-03-10",0.0,0.0,0.0,0.0,0.0,0.0,0.0,0.0,0.0,0.0,0.0,0.0,0.0
"sanca","2012-03-10",0.0,0.0,0.0,0.0,0.0,0.0,0.0,0.0,0.0,0.0,0.0,0.0,0.0
"siet","2012-03-10",0.0,0.0,0.0,0.0,0.0,0.0,0.0,0.0,0.0,0.0,0.0,0.0,0.0
"mkda","2012-03-10",0.0,0.0,0.0,0.0,0.0,0.0,0.0,0.0,0.0,0.0,0.0,0.0,0.0
"sms","2012-03-10",0.0,0.0,0.0,0.0,0.0,0.0,0.0,0.0,0.0,0.0,0.0,0.0,0.0
"vzdor","2012-03-10",0.0,0.0,0.0,0.0,0.0,0.0,0.0,0.0,0.0,0.0,0.0,0.0,0.0
"odvaha","2012-03-10",0.0,0.0,0.0,0.0,0.0,0.0,0.0,0.0,0.0,0.0,0.0,0.0,0.0
"spolocne_za_slovensko","2012-03-10",0.0,0.0,0.0,0.0,0.0,0.0,0.0,0.0,0.0,0.0,0.0,0.0,0.0
"narodna_koalicia","2012-03-10",0.0,0.0,0.0,0.0,0.0,0.0,0.0,0.0,0.0,0.0,0.0,0.0,0.0
"ina_strana","2012-03-10",0.0,0.0,0.0,0.0,1.1,0.7,0.7,0.2,0.7,0.5,0.1,0.6,0.0
"oks","2012-03-10",0.0,0.0,0.0,0.0,0.0,0.4,0.4,0.2,0.2,0.3,0.0,0.0,0.0
"liga","2012-03-10",0.0,0.0,0.0,0.0,0.0,0.0,0.0,0.0,0.0,0.0,0.0,0.0,0.0
"kds","2012-03-10",0.0,0.0,0.0,0.0,0.0,0.0,0.0,0.0,0.0,0.0,0.0,0.0,0.0
"hzd","2012-03-10",0.0,0.0,0.0,0.0,0.0,0.0,0.0,0.0,0.0,0.0,0.0,0.0,0.0
"slobodne_forum","2012-03-10",0.0,0.0,0.0,0.0,0.0,0.0,0.0,0.0,0.0,0.0,0.0,0.0,0.0
"sz","2012-03-10",0.42,0.0,0.0,0.0,0.0,0.0,0.0,0.0,0.0,0.0,0.0,0.0,0.0
"republika","2012-03-10",0.0,0.0,0.0,0.0,0.0,0.0,0.0,0.0,0.0,0.0,0.0,0.0,0.0
"hlas_sd","2012-03-10",0.0,0.0,0.0,0.0,0.0,0.0,0.0,0.0,0.0,0.0,0.0,0.0,0.0
"demokrati","2012-03-10",0.0,0.0,0.0,0.0,0.0,0.0,0.0,0.0,0.0,0.0,0.0,0.0,0.0
"nova","2012-03-10",0.0,0.0,0.0,0.0,0.0,0.0,0.0,0.0,0.0,0.0,0.0,0.0,0.0
"modri","2012-03-10",0.0,0.0,0.0,0.0,0.0,0.0,0.0,0.0,0.0,0.0,0.0,0.0,0.0
"kdzp","2012-03-10",0.0,0.0,0.0,0.0,0.0,0.0,0.0,0.0,0.0,0.0,0.0,0.0,0.0
"sks","2012-03-10",0.0,0.0,0.0,0.0,0.0,0.0,0.0,0.0,0.0,0.0,0.0,0.0,0.0
"krestanska_unia","2012-03-10",0.0,0.0,0.0,0.0,0.0,0.0,0.0,0.0,0.0,0.0,0.0,0.0,0.0
"spolu","2012-03-10",0.0,0.0,0.0,0.0,0.0,0.0,0.0,0.0,0.0,0.0,0.0,0.0,0.0
"nova_vacsina","2012-03-10",0.0,0.0,0.0,0.0,0.0,0.0,0.0,0.0,0.0,0.0,0.0,0.0,0.0
"mks","2012-03-10",0.0,0.0,0.0,0.0,0.0,0.0,0.0,0.0,0.0,0.0,0.0,0.0,0.0
"narodna_revolucia","2012-03-10",0.0,0.0,0.0,0.0,0.0,0.0,0.0,0.0,0.0,0.0,0.0,0.0,0.0
"priemyselna_revolucia","2012-03-10",0.0,0.0,0.0,0.0,0.0,0.0,0.0,0.0,0.0,0.0,0.0,0.0,0.0
"madarska_aliancia","2012-03-10",0.0,0.0,0.0,0.0,0.0,0.0,0.0,0.0,0.0,0.0,0.0,0.0,0.0
